	file_name	Text Transcription	dishwasher	chick	whore	demotivational	diy	promotion	bestdemotivationalposters	motivateusnot	imgur	motifake	memeshappen	mcdonald	ambulance	developer	template	anti	valentine	communism	weak	memecrunch	TEXT SVM PROB 0	AUC_FINAL NEG SVM TEXT	AUC_FINAL POS SVM TEXT	TEXT SVM PROB 1	TEXT KNN PROB 0	AUC_FINAL NEG KNN TEXT	TEXT KNN PROB 1	AUC_FINAL POS KNN TEXT	TEXT NBY PROB 0	AUC_FINAL NEG NBY TEXT	TEXT NBY PROB 1	AUC_FINAL POS NBY TEXT	TEXT DTR PROB 0	AUC_FINAL NEG DTR TEXT	TEXT DTR PROB 1	AUC_FINAL POS DTR TEXT	TEXT MLP PROB 0	AUC_FINAL NEG MLP TEXT	TEXT MLP PROB 1	AUC_FINAL POS MLP TEXT	CAPS SVM PROB 0	CAPS SVM PROB 1	CAPS KNN PROB 0	CAPS KNN PROB 1	CAPS NB PROB 0	CAPS NB PROB 1	CAPS DT PROB 0	CAPS DT PROB 1	CAPS MLP PROB 0	CAPS MLP PROB 1	TAGS SVM PROB 0	TAGS SVM PROB 1	TAGS KNN PROB 0	TAGS KNN PROB 1	TAGS NB PROB 0	TAGS NB PROB 1	TAGS DT PROB 0	TAGS DT PROB 1	TAGS MLP PROB 0	TAGS MLP PROB 1	AUC_FINAL POS SVM TAGS	AUC_FINAL NEG SVM TAGS	AUC_FINAL POS KNN TAGS	AUC_FINAL NEG KNN TAGS	AUC_FINAL POS NBY TAGS	AUC_FINAL NEG NBY TAGS	AUC_FINAL POS DTR TAGS	AUC_FINAL NEG DTR TAGS	AUC_FINAL POS MLP TAGS	AUC_FINAL NEG MLP TAGS	AUC_FINAL POS SVM CAPS	AUC_FINAL NEG SVM CAPS	AUC_FINAL POS KNN CAPS	AUC_FINAL NEG KNN CAPS	AUC_FINAL POS NBY CAPS	AUC_FINAL NEG NBY CAPS	AUC_FINAL POS DTR CAPS	AUC_FINAL NEG DTR CAPS	AUC_FINAL POS MLP CAPS	AUC_FINAL NEG MLP CAPS	BMA PROB 0	BMA PROB 1	LABELS BMA	GROUND TRUTH
0	SIN_75.jpg	THE ONE MOTHERFUCKER I CAN'T LIVE WITHOUT THE DISHWASHER	1	0	0	0	0	0	0	0	0	0	0	0	0	0	0	0	0	0	0	0	0.5640168427170906	0.7168	0.673	0.4359831572829093	0.0952380952380952	0.6843	0.9047619047619048	0.6227	0.9967312683656404	0.6863	0.0032687316343767	0.6435	0.4755244755244755	0.6302	0.5244755244755245	0.6373	0.0927376953410344	0.713	0.9072623046589656	0.6182	0.2261871116302904	0.7738128883697095	0.0	1.0	0.0007944654354072	0.9992055345646332	0.1748063320983496	0.8251936679016504	0.2074592412338849	0.7925407587661151	0.3502047042913918	0.6497952957086083	0.5454545454545454	0.4545454545454545	0.288652307876287	0.7113476921237106	0.2547307132459971	0.745269286754003	0.3462745959622704	0.6537254040377296	0.7317	0.6543	0.7076	0.6832	0.6928	0.6379	0.6605	0.614	0.7169	0.6485	0.7472	0.6547	0.7926	0.6395	0.7384	0.6621	0.7015	0.634	0.7417	0.6827	0.3148445494940509	0.6851554505059491	1	0
1	SIN_43.jpg	HOT CHICK LOOK AT THAT BUTT	0	1	0	0	0	0	0	0	0	0	0	0	0	0	0	0	0	0	0	0	0.0182743427797363	0.7168	0.673	0.9817256572202636	0.0476190476190476	0.6843	0.9523809523809524	0.6227	8.252567841380072e-11	0.6863	0.9999999999174634	0.6435	0.3321554770318021	0.6302	0.6678445229681979	0.6373	0.0002148752476816	0.713	0.9997851247523184	0.6182	0.6504921413609167	0.3495078586390833	0.8571428571428571	0.1428571428571428	0.6610355095901121	0.3389644904098987	0.6616618324518	0.3383381675481999	0.6172477592453633	0.3827522407546367	0.7139658307661311	0.2860341692338689	0.5	0.5	0.7473423381894134	0.2526576618105862	0.6072386058981233	0.3927613941018766	0.5259943862389079	0.474005613761092	0.7317	0.6543	0.7076	0.6832	0.6928	0.6379	0.6605	0.614	0.7169	0.6485	0.7472	0.6547	0.7926	0.6395	0.7384	0.6621	0.7015	0.634	0.7417	0.6827	0.45576534950665215	0.5442346504933478	1	0
2	SIN_46.jpg	BLACK WOMEN WHEN YOU ARE TIRED OF DATING FAT WHITE GIRLS HAVE A FAT BLACK ONE DIY.DESPAIR.COM	0	0	0	0	0	0	0	0	0	0	0	0	0	0	0	0	0	0	0	0	0.2604148639283966	0.7168	0.673	0.7395851360716035	0.1428571428571428	0.6843	0.8571428571428571	0.6227	2.274515129632911e-05	0.6863	0.9999772548486964	0.6435	0.3321554770318021	0.6302	0.6678445229681979	0.6373	0.0938175384478862	0.713	0.9061824615521138	0.6182	0.1791524616745734	0.8208475383254263	0.0	1.0	0.0053266921591085	0.994673307840902	0.1748063320983496	0.8251936679016504	0.0734508502740142	0.9265491497259858	0.0226046590022785	0.9773953409977214	0.1818181818181818	0.8181818181818182	0.0023688105527184	0.9976311894472824	0.0057306590257879	0.994269340974212	0.0254538020906495	0.9745461979093504	0.7317	0.6543	0.7076	0.6832	0.6928	0.6379	0.6605	0.614	0.7169	0.6485	0.7472	0.6547	0.7926	0.6395	0.7384	0.6621	0.7015	0.634	0.7417	0.6827	0.10308043764479026	0.8969195623552096	1	1
3	SIN_25.jpg	CONTEXT I need it VERY DEMOTIVATIONAL.COM	0	0	0	0	0	0	0	0	0	0	0	0	0	0	0	0	0	0	0	0	0.1780300514771031	0.7168	0.673	0.8219699485228968	0.1904761904761904	0.6843	0.8095238095238095	0.6227	0.111002482588135	0.6863	0.8889975174118752	0.6435	0.4755244755244755	0.6302	0.5244755244755245	0.6373	0.1241623934633983	0.713	0.8758376065366017	0.6182	0.6331282525339298	0.3668717474660702	0.4285714285714285	0.5714285714285714	0.661733319321305	0.3382666806786993	0.6616618324518	0.3383381675481999	0.6852816415556473	0.3147183584443527	0.1667578703832995	0.8332421296167005	0.1818181818181818	0.8181818181818182	0.0386697321860308	0.9613302678139624	0.0	1.0	0.0937704136076653	0.9062295863923346	0.7317	0.6543	0.7076	0.6832	0.6928	0.6379	0.6605	0.614	0.7169	0.6485	0.7472	0.6547	0.7926	0.6395	0.7384	0.6621	0.7015	0.634	0.7417	0.6827	0.3084280933671837	0.6915719066328163	1	0
4	SIN_135.jpg	DISTRACTION The key to Success! Motifake.com	0	0	0	0	0	0	0	0	0	0	0	0	0	0	0	0	0	0	0	0	0.6499526263704641	0.7168	0.673	0.3500473736295358	0.2857142857142857	0.6843	0.7142857142857143	0.6227	0.9871970324956842	0.6863	0.0128029675042662	0.6435	0.6987740805604203	0.6302	0.3012259194395796	0.6373	0.4182133525279378	0.713	0.5817866474720622	0.6182	0.2173502142054949	0.782649785794505	0.5714285714285714	0.4285714285714285	0.0052806236037862	0.9947193763962195	0.1748063320983496	0.8251936679016504	0.2258370479250165	0.7741629520749834	0.1817687969216753	0.8182312030783248	0.2272727272727272	0.7727272727272727	0.1126882960493735	0.887311703950633	0.2547307132459971	0.745269286754003	0.0639443117051211	0.9360556882948788	0.7317	0.6543	0.7076	0.6832	0.6928	0.6379	0.6605	0.614	0.7169	0.6485	0.7472	0.6547	0.7926	0.6395	0.7384	0.6621	0.7015	0.634	0.7417	0.6827	0.345933733060728	0.654066266939272	1	0
5	SIN_55.jpg	FALCON PUNCH FALCON PUNCH Isolves teen pregnancy. DIY.DESPAIR.COM	0	0	0	0	0	0	0	0	0	0	0	0	0	0	0	0	0	0	0	0	0.6388035891393716	0.7168	0.673	0.3611964108606283	0.238095238095238	0.6843	0.7619047619047619	0.6227	0.9800483890920576	0.6863	0.0199516109079934	0.6435	0.2094448449891852	0.6302	0.7905551550108147	0.6373	0.6528512771845505	0.713	0.3471487228154495	0.6182	0.261702645839897	0.738297354160103	0.2857142857142857	0.7142857142857143	0.0990204340645823	0.9009795659354134	0.5041322314049587	0.4958677685950413	0.247624784508821	0.7523752154911789	0.5527911109041105	0.4472088890958895	0.3636363636363636	0.6363636363636364	0.1328381272318257	0.8671618727681745	0.6072386058981233	0.3927613941018766	0.3883889207944848	0.6116110792055152	0.7317	0.6543	0.7076	0.6832	0.6928	0.6379	0.6605	0.614	0.7169	0.6485	0.7472	0.6547	0.7926	0.6395	0.7384	0.6621	0.7015	0.634	0.7417	0.6827	0.419147262044484	0.5808527379555161	1	1
6	SIN_70.jpg	Man I have seen it all.. This girl went to prom in an ambulance and acted like she came to life after her date kissed her… I'm done with this generation lol STARECAT.COM	0	0	0	0	0	0	0	0	0	0	0	0	1	0	0	0	0	0	0	0	0.3624874369013773	0.7168	0.673	0.6375125630986227	0.4285714285714285	0.6843	0.5714285714285714	0.6227	0.9497950541646376	0.6863	0.0502049458353671	0.6435	0.5714992577931717	0.6302	0.4285007422068283	0.6373	0.2597340847133408	0.713	0.7402659152866592	0.6182	0.4377179658422683	0.5622820341577317	0.1428571428571428	0.8571428571428571	0.1988908746493519	0.8011091253506417	0.5041322314049587	0.4958677685950413	0.39880860548518	0.60119139451482	0.5713522132486147	0.4286477867513852	0.5454545454545454	0.4545454545454545	0.3362279641566311	0.6637720358433675	0.5067669172932331	0.4932330827067669	0.589299128071954	0.410700871928046	0.7317	0.6543	0.7076	0.6832	0.6928	0.6379	0.6605	0.614	0.7169	0.6485	0.7472	0.6547	0.7926	0.6395	0.7384	0.6621	0.7015	0.634	0.7417	0.6827	0.45641927998880294	0.5435807200111971	1	0
7	SIN_74.jpg	I MAY BE A DEAD, WORTHLESS CRACK WHORE BUT AT LEAST I AIN'T A NIGGER memecrunch.com	0	0	1	0	0	0	0	0	0	0	0	0	0	0	0	0	0	0	0	0	0.5140048218116414	0.7168	0.673	0.4859951781883585	0.238095238095238	0.6843	0.7619047619047619	0.6227	0.9994628269425336	0.6863	0.0005371730574748	0.6435	0.6987740805604203	0.6302	0.3012259194395796	0.6373	0.5623143606215049	0.713	0.4376856393784952	0.6182	0.6607208012256953	0.3392791987743046	0.5714285714285714	0.4285714285714285	0.7706408091917842	0.22935919080817	0.6616618324518	0.3383381675481999	0.5879200698001406	0.4120799301998595	0.1176049866819826	0.8823950133180173	0.1363636363636363	0.8636363636363636	0.0396638125966943	0.9603361874033026	0.5067669172932331	0.4932330827067669	0.0941156249301383	0.9058843750698616	0.7317	0.6543	0.7076	0.6832	0.6928	0.6379	0.6605	0.614	0.7169	0.6485	0.7472	0.6547	0.7926	0.6395	0.7384	0.6621	0.7015	0.634	0.7417	0.6827	0.4801731287453017	0.5198268712546983	1	1
8	SIN_133.jpg	WWHY AREN'T ANTI-JOKES FUNNY BECAUSE THEY'RE ANTI-JOKES DIYLOL.COM	0	0	0	0	0	0	0	0	0	0	0	0	0	0	0	0	0	0	0	0	0.618613992473839	0.7168	0.673	0.381386007526161	0.4761904761904761	0.6843	0.5238095238095238	0.6227	0.9031787127208664	0.6863	0.0968212872791603	0.6435	0.4755244755244755	0.6302	0.5244755244755245	0.6373	0.8856203322451337	0.713	0.1143796677548662	0.6182	0.7205633980884875	0.2794366019115125	0.7142857142857143	0.2857142857142857	0.6752073610970718	0.3247926389028929	0.6616618324518	0.3383381675481999	0.6867938357419549	0.3132061642580451	0.6966718487565025	0.3033281512434976	0.4545454545454545	0.5454545454545454	0.8459056512632678	0.1540943487367309	0.6072386058981233	0.3927613941018766	0.6446606133894989	0.3553393866105011	0.7317	0.6543	0.7076	0.6832	0.6928	0.6379	0.6605	0.614	0.7169	0.6485	0.7472	0.6547	0.7926	0.6395	0.7384	0.6621	0.7015	0.634	0.7417	0.6827	0.6764788083938673	0.3235211916061327	0	0
9	SIN_37.jpg	A topless chick with a skirt on MEMES	0	1	0	0	0	0	0	0	0	0	0	0	0	0	0	0	0	0	0	0	0.0188135707636361	0.7168	0.673	0.9811864292363636	0.1428571428571428	0.6843	0.8571428571428571	0.6227	7.305548072436622e-13	0.6863	0.999999999999318	0.6435	0.2094448449891852	0.6302	0.7905551550108147	0.6373	0.0004114039145405	0.713	0.9995885960854596	0.6182	0.4704450822571232	0.5295549177428768	0.2857142857142857	0.7142857142857143	0.3086958675310232	0.6913041324689256	0.5041322314049587	0.4958677685950413	0.4559606401738282	0.5440393598261718	0.5647460642955098	0.4352539357044902	0.9090909090909092	0.0909090909090909	0.581778503380361	0.418221496619641	0.715194109772423	0.2848058902275769	0.6073136960313801	0.3926863039686199	0.7317	0.6543	0.7076	0.6832	0.6928	0.6379	0.6605	0.614	0.7169	0.6485	0.7472	0.6547	0.7926	0.6395	0.7384	0.6621	0.7015	0.634	0.7417	0.6827	0.3795375808398235	0.6204624191601765	1	0
10	SIN_94.jpg	PLEASE NO NOISE WHORE SHIT HERE WE WANT PEACE YOU KNOW GAY ANDY PANTS MemesHappen	0	0	1	0	0	0	0	0	0	0	1	0	0	0	0	0	0	0	0	0	0.8331272959368567	0.7168	0.673	0.1668727040631433	0.5238095238095238	0.6843	0.4761904761904761	0.6227	0.8075785398003448	0.6863	0.192421460199624	0.6435	0.8626198083067093	0.6302	0.1373801916932907	0.6373	0.914921364884019	0.713	0.085078635115981	0.6182	0.6040922913718424	0.3959077086281576	0.5714285714285714	0.4285714285714285	0.6860570473975472	0.3139429526024552	0.6616618324518	0.3383381675481999	0.4220602770723193	0.5779397229276807	0.5779487107015104	0.4220512892984896	0.5909090909090909	0.4090909090909091	0.3632992499685443	0.6367007500314562	0.4980988593155893	0.5019011406844106	0.575342224686374	0.424657775313626	0.7317	0.6543	0.7076	0.6832	0.6928	0.6379	0.6605	0.614	0.7169	0.6485	0.7472	0.6547	0.7926	0.6395	0.7384	0.6621	0.7015	0.634	0.7417	0.6827	0.6385774090020636	0.3614225909979364	0	0
11	SIN_167.jpg	PREPARING FOR HEIDI A PROMOTION imgflip.com	0	0	0	0	0	1	0	0	0	0	0	0	0	0	0	0	0	0	0	0	0.1509688595741307	0.7168	0.673	0.8490311404258692	0.4761904761904761	0.6843	0.5238095238095238	0.6227	0.5814218719222248	0.6863	0.4185781280777726	0.6435	0.3321554770318021	0.6302	0.6678445229681979	0.6373	0.0186264433050051	0.713	0.9813735566949948	0.6182	0.2232136080927159	0.776786391907284	0.0	1.0	0.0245592803650591	0.9754407196349172	0.1748063320983496	0.8251936679016504	0.1299181527251869	0.8700818472748131	0.2875091768032116	0.7124908231967882	0.4090909090909091	0.5909090909090909	0.4001326922248093	0.5998673077751892	0.2547307132459971	0.745269286754003	0.2615616854967002	0.7384383145032998	0.7317	0.6543	0.7076	0.6832	0.6928	0.6379	0.6605	0.614	0.7169	0.6485	0.7472	0.6547	0.7926	0.6395	0.7384	0.6621	0.7015	0.634	0.7417	0.6827	0.25118621816798115	0.7488137818320189	1	1
12	SIN_106.jpg	"""WELCOME TO MCDONALD'S WOULD YOU LIKE TO TRY THE… NO BITCH I'D LIKE YOU TO SHUT THE FUCK UP AND TAKE MY ORDER THAT I WANT TO GET makeameme.org"	0	0	0	0	0	0	0	0	0	0	0	0	0	0	0	0	0	0	0	0	0.1876868492009235	0.7168	0.673	0.8123131507990765	0.6190476190476191	0.6843	0.3809523809523809	0.6227	0.0431580325104745	0.6863	0.9568419674895258	0.6435	0.8626198083067093	0.6302	0.1373801916932907	0.6373	0.3489381626800246	0.713	0.6510618373199754	0.6182	0.6197621760280068	0.3802378239719931	0.5714285714285714	0.4285714285714285	0.5724453856729269	0.4275546143270892	0.6616618324518	0.3383381675481999	0.4786617264342311	0.5213382735657689	0.6045902264209333	0.3954097735790666	0.7272727272727273	0.2727272727272727	0.6075343944817885	0.3924656055182126	0.5530973451327433	0.4469026548672566	0.5709577873923479	0.429042212607652	0.7317	0.6543	0.7076	0.6832	0.6928	0.6379	0.6605	0.614	0.7169	0.6485	0.7472	0.6547	0.7926	0.6395	0.7384	0.6621	0.7015	0.634	0.7417	0.6827	0.5320902323554891	0.4679097676445108	0	1
13	SIN_97.jpg	SAYS SHE'S AN IPAD DEVELOPER DOESN'T KNOW JAVASCRIPT memegenerator.net	0	0	0	0	0	0	0	0	0	0	0	0	0	1	0	0	0	0	0	0	0.4872240042074421	0.7168	0.673	0.512775995792558	0.5238095238095238	0.6843	0.4761904761904761	0.6227	0.9856702935051044	0.6863	0.014329706494856	0.6435	0.6987740805604203	0.6302	0.3012259194395796	0.6373	0.7187397464102371	0.713	0.2812602535897629	0.6182	0.1560916949011656	0.8439083050988344	0.0	1.0	0.0005706978190629	0.999429302180986	0.1748063320983496	0.8251936679016504	0.1302038447532758	0.8697961552467242	0.1408706172677827	0.8591293827322172	0.1818181818181818	0.8181818181818182	0.1211690038716189	0.8788309961283837	0.0057306590257879	0.994269340974212	0.064428058368214	0.935571941631786	0.7317	0.6543	0.7076	0.6832	0.6928	0.6379	0.6605	0.614	0.7169	0.6485	0.7472	0.6547	0.7926	0.6395	0.7384	0.6621	0.7015	0.634	0.7417	0.6827	0.30576415795851664	0.6942358420414834	1	1
14	SIN_118.jpg	1TIMOTHY 2:11 Let a woman learn in silence with full submission. I permit no woman o teach or to have authority over a man; she is to keep silent. Motifake.com	0	0	0	0	0	0	0	0	0	0	0	0	0	0	0	0	0	0	0	0	0.3104239143979066	0.7168	0.673	0.6895760856020934	0.1428571428571428	0.6843	0.8571428571428571	0.6227	6.075025977060246e-06	0.6863	0.999993924974014	0.6435	0.2094448449891852	0.6302	0.7905551550108147	0.6373	0.1579481829424101	0.713	0.8420518170575899	0.6182	0.6917662198771323	0.3082337801228677	0.8571428571428571	0.1428571428571428	0.9874724032237482	0.0125275967762375	0.6616618324518	0.3383381675481999	0.7216627746380406	0.2783372253619593	0.6627557014905259	0.337244298509474	0.8181818181818182	0.1818181818181818	0.5357129435288448	0.4642870564711518	0.715194109772423	0.2848058902275769	0.6790537463384274	0.3209462536615726	0.7317	0.6543	0.7076	0.6832	0.6928	0.6379	0.6605	0.614	0.7169	0.6485	0.7472	0.6547	0.7926	0.6395	0.7384	0.6621	0.7015	0.634	0.7417	0.6827	0.5412862090543844	0.4587137909456156	0	1
15	SIN_142.jpg	YOU DESERVE THIS PROMOTION	0	0	0	0	0	1	0	0	0	0	0	0	0	0	0	0	0	0	0	0	0.5407312793845851	0.7168	0.673	0.4592687206154148	0.4285714285714285	0.6843	0.5714285714285714	0.6227	0.9926513470952728	0.6863	0.0073486529047408	0.6435	0.6987740805604203	0.6302	0.3012259194395796	0.6373	0.1361068563933832	0.713	0.8638931436066167	0.6182	0.6762054672344011	0.3237945327655988	0.5714285714285714	0.4285714285714285	0.9862443955890444	0.0137556044109282	0.6616618324518	0.3383381675481999	0.6034336660891733	0.3965663339108267	0.5411205706302139	0.4588794293697861	0.4545454545454545	0.5454545454545454	0.5629287421816445	0.4370712578183564	0.2272727272727272	0.7727272727272727	0.4560337604824678	0.5439662395175322	0.7317	0.6543	0.7076	0.6832	0.6928	0.6379	0.6605	0.614	0.7169	0.6485	0.7472	0.6547	0.7926	0.6395	0.7384	0.6621	0.7015	0.634	0.7417	0.6827	0.5722623730291733	0.4277376269708268	0	0
16	SIN_174.jpg	BestDemotivationalPosters.com GOALS Don't stand between a woman and her goals!	0	0	0	0	0	0	0	0	0	0	0	0	0	0	0	0	0	0	0	0	0.0816975698540536	0.7168	0.673	0.9183024301459464	0.3333333333333333	0.6843	0.6666666666666666	0.6227	4.041036166869956e-12	0.6863	0.9999999999959072	0.6435	0.2094448449891852	0.6302	0.7905551550108147	0.6373	0.0103526961204046	0.713	0.9896473038795952	0.6182	0.1699402635776009	0.8300597364223989	0.0	1.0	0.0007843752415263	0.9992156247584254	0.1748063320983496	0.8251936679016504	0.1213585212640544	0.8786414787359456	0.2690236987158332	0.7309763012841668	0.2727272727272727	0.7272727272727273	0.1264084530095566	0.8735915469904368	0.2547307132459971	0.745269286754003	0.1399275129766858	0.8600724870233142	0.7317	0.6543	0.7076	0.6832	0.6928	0.6379	0.6605	0.614	0.7169	0.6485	0.7472	0.6547	0.7926	0.6395	0.7384	0.6621	0.7015	0.634	0.7417	0.6827	0.1445708787831147	0.8554291212168853	1	1
17	SIN_29.jpg	I'M TOO FAT TO BE A WHORE SO I SLEEP AROUND FOR FREE INSTEAD	0	0	1	0	0	0	0	0	0	0	0	0	0	0	0	0	0	0	0	0	0.2326314650146523	0.7168	0.673	0.7673685349853476	0.5714285714285714	0.6843	0.4285714285714285	0.6227	0.5572096155183403	0.6863	0.4427903844816842	0.6435	0.5714992577931717	0.6302	0.4285007422068283	0.6373	0.0663287360115238	0.713	0.933671263988476	0.6182	0.193504132317299	0.806495867682701	0.0	1.0	0.0010874329180516	0.9989125670820048	0.1748063320983496	0.8251936679016504	0.1102063730549587	0.8897936269450413	0.2477291125564822	0.7522708874435177	0.4545454545454545	0.5454545454545454	0.2168416826079388	0.7831583173920642	0.1058823529411764	0.8941176470588236	0.2266689987221515	0.7733310012778485	0.7317	0.6543	0.7076	0.6832	0.6928	0.6379	0.6605	0.614	0.7169	0.6485	0.7472	0.6547	0.7926	0.6395	0.7384	0.6621	0.7015	0.634	0.7417	0.6827	0.25341468757173724	0.7465853124282628	1	1
18	SIN_129.jpg	GOING TO START EATING HEALTHY MCDONALDS CUP IN HAND quickmeme.com	0	0	0	0	0	0	0	0	0	0	0	0	0	0	0	0	0	0	0	0	0.3206775590218746	0.7168	0.673	0.6793224409781253	0.7142857142857143	0.6843	0.2857142857142857	0.6227	0.9996657776151244	0.6863	0.0003342223848777	0.6435	0.6987740805604203	0.6302	0.3012259194395796	0.6373	0.1937916248132873	0.713	0.8062083751867126	0.6182	0.1440437128930612	0.8559562871069388	0.1428571428571428	0.8571428571428571	0.0007425449161243	0.9992574550839196	0.1748063320983496	0.8251936679016504	0.0822239677484168	0.9177760322515832	0.2597992628925242	0.7402007371074759	0.5454545454545454	0.4545454545454545	0.3792021339680664	0.6207978660319344	0.5067669172932331	0.4932330827067669	0.3064897182166982	0.6935102817833018	0.7317	0.6543	0.7076	0.6832	0.6928	0.6379	0.6605	0.614	0.7169	0.6485	0.7472	0.6547	0.7926	0.6395	0.7384	0.6621	0.7015	0.634	0.7417	0.6827	0.3682303375238879	0.6317696624761121	1	1
19	SIN_173.jpg	IF COMMUNISM IS GOOD. THEN WHY DID IT KILL 100 MILLION COMMUNISTS COMRADE…	0	0	0	0	0	0	0	0	0	0	0	0	0	0	0	0	0	1	0	0	0.8118579041021385	0.7168	0.673	0.1881420958978615	0.8571428571428571	0.6843	0.1428571428571428	0.6227	0.9900361671873912	0.6863	0.0099638328125727	0.6435	0.6987740805604203	0.6302	0.3012259194395796	0.6373	0.9831386308030547	0.713	0.0168613691969452	0.6182	0.6249178179140072	0.3750821820859926	0.4285714285714285	0.5714285714285714	0.9372127623857606	0.0627872376142947	0.6616618324518	0.3383381675481999	0.491293704967322	0.508706295032678	0.6115495764252042	0.3884504235747957	0.5909090909090909	0.4090909090909091	0.5016481688634579	0.4983518311365433	0.691156462585034	0.308843537414966	0.6383432987292772	0.3616567012707228	0.7317	0.6543	0.7076	0.6832	0.6928	0.6379	0.6605	0.614	0.7169	0.6485	0.7472	0.6547	0.7926	0.6395	0.7384	0.6621	0.7015	0.634	0.7417	0.6827	0.706253391588107	0.29374660841189304	0	0
20	SIN_27.jpg	12 The Ella Elite #1 Most Wasteful Dishwaher Hand-washing dishes costs more money than a dishwasher 1/3 full.* Finish Wuantum* tackles the toughest masses the first time finish POWERBALL QUANTUM *Based in average usage	1	0	0	0	0	0	0	0	0	0	0	0	0	0	0	0	0	0	0	0	0.1667550103910138	0.7168	0.673	0.8332449896089862	0.0952380952380952	0.6843	0.9047619047619048	0.6227	0.9990697173149607	0.6863	0.0009302826849947	0.6435	0.5714992577931717	0.6302	0.4285007422068283	0.6373	0.0611194535484903	0.713	0.9388805464515096	0.6182	0.199142380289898	0.8008576197101018	0.0	1.0	0.0005461837262255	0.999453816273727	0.1748063320983496	0.8251936679016504	0.1602696383676005	0.8397303616323994	0.1438898837031193	0.8561101162968807	0.2272727272727272	0.7727272727272727	0.0580763805787735	0.9419236194212264	0.1343669250645995	0.8656330749354005	0.0755472431225484	0.9244527568774517	0.7317	0.6543	0.7076	0.6832	0.6928	0.6379	0.6605	0.614	0.7169	0.6485	0.7472	0.6547	0.7926	0.6395	0.7384	0.6621	0.7015	0.634	0.7417	0.6827	0.20875210097357108	0.7912478990264289	1	1
21	SIN_146.jpg	BestDemotivationalPosters.com A BAD DAY When your bed is to far aaway and the stairs seem pretty comfy	0	0	0	0	0	0	0	0	0	0	0	0	0	0	0	0	0	0	0	0	0.5113585282117405	0.7168	0.673	0.4886414717882594	0.4285714285714285	0.6843	0.5714285714285714	0.6227	0.9997074648694224	0.6863	0.0002925351305348	0.6435	0.8626198083067093	0.6302	0.1373801916932907	0.6373	0.1899378765950623	0.713	0.8100621234049377	0.6182	0.6969835346249036	0.3030164653750963	1.0	0.0	0.734275633747021	0.2657243662529514	0.6616618324518	0.3383381675481999	0.8128268453500789	0.1871731546499211	0.6853092915220387	0.3146907084779613	0.8636363636363636	0.1363636363636363	0.9848715731476048	0.0151284268523923	0.6072386058981233	0.3927613941018766	0.9007172752892343	0.0992827247107656	0.7317	0.6543	0.7076	0.6832	0.6928	0.6379	0.6605	0.614	0.7169	0.6485	0.7472	0.6547	0.7926	0.6395	0.7384	0.6621	0.7015	0.634	0.7417	0.6827	0.7296497829579753	0.27035021704202467	0	0
22	SIN_95.jpg	SUPER FRIENDS Go ahead Super Girl, rip Cat Woan's top off. Thah will show her. DIY.DESPAIR.COM	0	0	0	0	0	0	0	0	0	0	0	0	0	0	0	0	0	0	0	0	0.8876619958339589	0.7168	0.673	0.1123380041660411	0.4285714285714285	0.6843	0.5714285714285714	0.6227	0.9901422249600892	0.6863	0.0098577750399486	0.6435	0.3321554770318021	0.6302	0.6678445229681979	0.6373	0.9837117094569564	0.713	0.0162882905430436	0.6182	0.2186296289890308	0.7813703710109692	0.1428571428571428	0.8571428571428571	0.0013219485864675	0.9986780514135354	0.1748063320983496	0.8251936679016504	0.1577134737861335	0.8422865262138665	0.2187320924161114	0.7812679075838885	0.1363636363636363	0.8636363636363636	0.0141925383098955	0.9858074616901104	0.0057306590257879	0.994269340974212	0.0519967381004196	0.9480032618995804	0.7317	0.6543	0.7076	0.6832	0.6928	0.6379	0.6605	0.614	0.7169	0.6485	0.7472	0.6547	0.7926	0.6395	0.7384	0.6621	0.7015	0.634	0.7417	0.6827	0.3354950386056567	0.6645049613943432	1	1
23	SIN_39.jpg	Guys…WHO NEEDS THEM?? GAY MEN That's who ALSO STRAIGHT WOMEN VERY DEMOTIVATIONAL.com	0	0	0	0	0	0	0	0	0	0	0	0	0	0	0	0	0	0	0	0	0.5379894122770659	0.7168	0.673	0.4620105877229342	0.5238095238095238	0.6843	0.4761904761904761	0.6227	2.162048304502867e-06	0.6863	0.999997837951646	0.6435	0.4025157232704403	0.6302	0.5974842767295597	0.6373	0.8851430923806893	0.713	0.1148569076193107	0.6182	0.2126523752464761	0.7873476247535238	0.2857142857142857	0.7142857142857143	0.0030157417752354	0.9969842582247248	0.1748063320983496	0.8251936679016504	0.1402194479092025	0.8597805520907975	0.0477115238057614	0.9522884761942384	0.1363636363636363	0.8636363636363636	0.0219176461351926	0.9780823538648088	0.0057306590257879	0.994269340974212	0.0246123868875745	0.9753876131124256	0.7317	0.6543	0.7076	0.6832	0.6928	0.6379	0.6605	0.614	0.7169	0.6485	0.7472	0.6547	0.7926	0.6395	0.7384	0.6621	0.7015	0.634	0.7417	0.6827	0.23896629034112746	0.7610337096588726	1	0
24	SIN_116.jpg	HE GETS A PROMOTION, SHE GET A PROMOTION EVERYONE GETS A PROMOTION imgfilp.com	0	0	0	0	0	1	0	0	0	0	0	0	0	0	0	0	0	0	0	0	0.2475833798204847	0.7168	0.673	0.7524166201795153	0.2857142857142857	0.6843	0.7142857142857143	0.6227	0.8711332640790563	0.6863	0.128866735920977	0.6435	0.4025157232704403	0.6302	0.5974842767295597	0.6373	0.1443219587180142	0.713	0.8556780412819858	0.6182	0.1687996573698851	0.8312003426301148	0.1428571428571428	0.8571428571428571	0.0005448793089136	0.9994551206910688	0.1748063320983496	0.8251936679016504	0.0998705189983792	0.9001294810016207	0.1453514279981119	0.854648572001888	0.1818181818181818	0.8181818181818182	0.0885519434919988	0.9114480565080032	0.1343669250645995	0.8656330749354005	0.114708530203291	0.8852914697967089	0.7317	0.6543	0.7076	0.6832	0.6928	0.6379	0.6605	0.614	0.7169	0.6485	0.7472	0.6547	0.7926	0.6395	0.7384	0.6621	0.7015	0.634	0.7417	0.6827	0.21914857489878173	0.7808514251012182	1	0
25	SIN_163.jpg	Bradley Durant ROSES ARE RED, VIOLETS ARE BLUE, BE MY FUCKING VALENTINE OR I'LL RAPE YOU Like 4 4 hours ago	0	0	0	0	0	0	0	0	0	0	0	0	0	0	0	0	1	0	0	0	0.8240294273507051	0.7168	0.673	0.1759705726492949	0.2857142857142857	0.6843	0.7142857142857143	0.6227	0.9946102285748348	0.6863	0.0053897714251407	0.6435	0.5714992577931717	0.6302	0.4285007422068283	0.6373	0.8768746927990642	0.713	0.1231253072009358	0.6182	0.6279482242993824	0.3720517757006176	0.2857142857142857	0.7142857142857143	0.6174063622146809	0.3825936377853174	0.6616618324518	0.3383381675481999	0.5256605831055341	0.4743394168944658	0.826367421040054	0.173632578959946	0.6818181818181818	0.3181818181818182	0.9661117949144156	0.0338882050855844	0.715194109772423	0.2848058902275769	0.7520559932233214	0.2479440067766786	0.7317	0.6543	0.7076	0.6832	0.6928	0.6379	0.6605	0.614	0.7169	0.6485	0.7472	0.6547	0.7926	0.6395	0.7384	0.6621	0.7015	0.634	0.7417	0.6827	0.6846937635105622	0.31530623648943773	0	1
26	SIN_60.jpg	CALLING SOMEONE A WHORE DOESN'T MAKE YOU LESS OF A WHORE makeameme.org	0	0	1	0	0	0	0	0	0	0	0	0	0	0	0	0	0	0	0	0	0.0747700768106568	0.7168	0.673	0.9252299231893432	0.0476190476190476	0.6843	0.9523809523809524	0.6227	9.850989105179566e-07	0.6863	0.9999990149010805	0.6435	0.4025157232704403	0.6302	0.5974842767295597	0.6373	0.0013334621877144	0.713	0.9986665378122856	0.6182	0.261441736971307	0.738558263028693	0.4285714285714285	0.5714285714285714	0.3554198828168635	0.644580117183165	0.5041322314049587	0.4958677685950413	0.2944463130937754	0.7055536869062246	0.4307624328921561	0.5692375671078439	0.7272727272727273	0.2727272727272727	0.4684022502982825	0.5315977497017192	0.5067669172932331	0.4932330827067669	0.406024362995404	0.593975637004596	0.7317	0.6543	0.7076	0.6832	0.6928	0.6379	0.6605	0.614	0.7169	0.6485	0.7472	0.6547	0.7926	0.6395	0.7384	0.6621	0.7015	0.634	0.7417	0.6827	0.32169809524364706	0.6783019047563529	1	0
27	SIN_98.jpg	SHE CALLED ME A BITCH I CALLED HER AN AMBULANCE memegenerator.net	0	0	0	0	0	0	0	0	0	0	0	0	1	0	0	0	0	0	0	0	0.4344698993894303	0.7168	0.673	0.5655301006105697	0.7619047619047619	0.6843	0.238095238095238	0.6227	0.2484833608226622	0.6863	0.7515166391773448	0.6435	0.3321554770318021	0.6302	0.6678445229681979	0.6373	0.2858469977682683	0.713	0.7141530022317317	0.6182	0.6726221478453663	0.3273778521546335	0.5714285714285714	0.4285714285714285	0.9850725716461388	0.0149274283538563	0.6616618324518	0.3383381675481999	0.6361506214532844	0.3638493785467156	0.6842931724560515	0.3157068275439485	0.5	0.5	0.7083401419393307	0.2916598580606696	0.691156462585034	0.308843537414966	0.6385391447738538	0.3614608552261463	0.7317	0.6543	0.7076	0.6832	0.6928	0.6379	0.6605	0.614	0.7169	0.6485	0.7472	0.6547	0.7926	0.6395	0.7384	0.6621	0.7015	0.634	0.7417	0.6827	0.588463400527861	0.4115365994721391	0	1
28	SIN_100.jpg	THE SMILE SIDE CHICKS GIVE WHEN THINKS SHE'S THE ONLY SIDE CHICK! Makeameme.org	0	0	0	0	0	0	0	0	0	0	0	0	0	0	0	0	0	0	0	0	0.0836729541626468	0.7168	0.673	0.9163270458373532	0.3333333333333333	0.6843	0.6666666666666666	0.6227	4.937741049114015e-10	0.6863	0.999999999506258	0.6435	0.2094448449891852	0.6302	0.7905551550108147	0.6373	0.1095960477835513	0.713	0.8904039522164486	0.6182	0.2350239758177276	0.7649760241822723	0.4285714285714285	0.5714285714285714	0.1423091875983317	0.8576908124017188	0.1748063320983496	0.8251936679016504	0.27104642995707	0.7289535700429299	0.0780909961225831	0.9219090038774168	0.2272727272727272	0.7727272727272727	0.0210261310125956	0.978973868987402	0.0057306590257879	0.994269340974212	0.0484327582856526	0.9515672417143474	0.7317	0.6543	0.7076	0.6832	0.6928	0.6379	0.6605	0.614	0.7169	0.6485	0.7472	0.6547	0.7926	0.6395	0.7384	0.6621	0.7015	0.634	0.7417	0.6827	0.1585954432931837	0.8414045567068164	1	1
29	SIN_31.jpg	When your girlfried buys a dishwasher This is getting out of hands. Now there are two of them!	1	0	0	0	0	0	0	0	0	0	0	0	0	0	0	0	0	0	0	0	0.2225228699044309	0.7168	0.673	0.777477130095569	0.1428571428571428	0.6843	0.8571428571428571	0.6227	0.9558060943000584	0.6863	0.0441939056999577	0.6435	0.4755244755244755	0.6302	0.5244755244755245	0.6373	0.1145970835416201	0.713	0.8854029164583799	0.6182	0.7047095125185106	0.2952904874814894	0.7142857142857143	0.2857142857142857	0.9868492472635836	0.0131507527364194	0.6616618324518	0.3383381675481999	0.7417305955357948	0.2582694044642052	0.8426379363072487	0.1573620636927513	0.7727272727272727	0.2272727272727272	0.7687389945810191	0.23126100541898	0.715194109772423	0.2848058902275769	0.8396041751998963	0.1603958248001037	0.7317	0.6543	0.7076	0.6832	0.6928	0.6379	0.6605	0.614	0.7169	0.6485	0.7472	0.6547	0.7926	0.6395	0.7384	0.6621	0.7015	0.634	0.7417	0.6827	0.6423010175010193	0.3576989824989807	0	1
30	SIN_35.jpg	FUCK YEAH I love AC/DC! DIY.DESPAIR.COM	0	0	0	0	0	0	0	0	0	0	0	0	0	0	0	0	0	0	0	0	0.8768883983766056	0.7168	0.673	0.1231116016233943	0.238095238095238	0.6843	0.7619047619047619	0.6227	0.9999260800262648	0.6863	7.391997373031343e-05	0.6435	0.8626198083067093	0.6302	0.1373801916932907	0.6373	0.9130056131021762	0.713	0.0869943868978237	0.6182	0.1817315469885914	0.8182684530114086	0.0	1.0	0.0106710466467266	0.9893289533532812	0.1748063320983496	0.8251936679016504	0.1037474516181106	0.8962525483818894	0.071801190175158	0.928198809824842	0.2727272727272727	0.7272727272727273	0.0187493958721639	0.9812506041278328	0.0955414012738853	0.9044585987261148	0.0403657812140199	0.95963421878598	0.7317	0.6543	0.7076	0.6832	0.6928	0.6379	0.6605	0.614	0.7169	0.6485	0.7472	0.6547	0.7926	0.6395	0.7384	0.6621	0.7015	0.634	0.7417	0.6827	0.3392601651594522	0.6607398348405479	1	1
31	SIN_53.jpg	ZERO DIVISION [GRAIN KING] HIKIFUNE KIRIO BLEACH UNATTRACTIVE WOMEN ARE NOT ALLOWED DIY.DESPAIR.COM	0	0	0	0	0	0	0	0	0	0	0	0	0	0	0	0	0	0	0	0	0.4063088789693462	0.7168	0.673	0.5936911210306537	0.1904761904761904	0.6843	0.8095238095238095	0.6227	0.9205971657285316	0.6863	0.0794028342714841	0.6435	0.2094448449891852	0.6302	0.7905551550108147	0.6373	0.2987315566544815	0.713	0.7012684433455185	0.6182	0.2835767793335076	0.7164232206664923	1.0	0.0	0.4262469152936612	0.5737530847063158	0.5041322314049587	0.4958677685950413	0.4601046459443739	0.539895354055626	0.3198653691640653	0.6801346308359346	0.2727272727272727	0.7272727272727273	0.146502762406949	0.8534972375930517	0.5067669172932331	0.4932330827067669	0.3337475508432579	0.6662524491567421	0.7317	0.6543	0.7076	0.6832	0.6928	0.6379	0.6605	0.614	0.7169	0.6485	0.7472	0.6547	0.7926	0.6395	0.7384	0.6621	0.7015	0.634	0.7417	0.6827	0.42156503625534897	0.578434963744651	1	0
32	SIN_161.jpg	YEAH SURE WE CAN TALK LATER… I'LL CALL YOU IN 33 SECONDS. Memecrunch.com	0	0	0	0	0	0	0	0	0	0	0	0	0	0	0	0	0	0	0	0	0.5634796046710377	0.7168	0.673	0.4365203953289622	0.6666666666666666	0.6843	0.3333333333333333	0.6227	0.9877608161509568	0.6863	0.012239183849015	0.6435	0.6987740805604203	0.6302	0.3012259194395796	0.6373	0.8143694596232691	0.713	0.1856305403767309	0.6182	0.2197640245439082	0.7802359754560918	0.4285714285714285	0.5714285714285714	0.0010899726320308	0.9989100273679188	0.1748063320983496	0.8251936679016504	0.1617228679515356	0.8382771320484643	0.1121030722240657	0.8878969277759342	0.3181818181818182	0.6818181818181818	0.1497440305330649	0.8502559694669359	0.2547307132459971	0.745269286754003	0.0823193536214514	0.9176806463785484	0.7317	0.6543	0.7076	0.6832	0.6928	0.6379	0.6605	0.614	0.7169	0.6485	0.7472	0.6547	0.7926	0.6395	0.7384	0.6621	0.7015	0.634	0.7417	0.6827	0.38652167061096526	0.6134783293890347	1	1
33	SIN_159.jpg	TIME WENT BY FAST… FALSE: TIME WENT BY AS REGULAR ITS JUST YOU WERE PRE OCCUPIED memecrunch.com	0	0	0	0	0	0	0	0	0	0	0	0	0	0	0	0	0	0	0	0	0.5726176604089944	0.7168	0.673	0.4273823395910055	0.6190476190476191	0.6843	0.3809523809523809	0.6227	0.999990778609684	0.6863	9.221390319253567e-06	0.6435	0.6987740805604203	0.6302	0.3012259194395796	0.6373	0.9234185311786788	0.713	0.0765814688213212	0.6182	0.6531472553482345	0.3468527446517656	0.7142857142857143	0.2857142857142857	0.5194714651684559	0.4805285348315515	0.6616618324518	0.3383381675481999	0.6284159017561837	0.3715840982438163	0.5061985341113124	0.4938014658886875	0.8181818181818182	0.1818181818181818	0.5997706465098874	0.4002293534901114	0.5530973451327433	0.4469026548672566	0.5074558711569594	0.4925441288430406	0.7317	0.6543	0.7076	0.6832	0.6928	0.6379	0.6605	0.614	0.7169	0.6485	0.7472	0.6547	0.7926	0.6395	0.7384	0.6621	0.7015	0.634	0.7417	0.6827	0.6693301078409459	0.330669892159054	0	0
34	SIN_47.jpg	McDonald's employees when you try to order anything that involves the ice cream machine	0	0	0	0	0	0	0	0	0	0	0	0	0	0	0	0	0	0	0	0	0.8021475286973428	0.7168	0.673	0.1978524713026571	0.6190476190476191	0.6843	0.3809523809523809	0.6227	0.9666465273501048	0.6863	0.0333534726498888	0.6435	0.8626198083067093	0.6302	0.1373801916932907	0.6373	0.9450057850069054	0.713	0.0549942149930946	0.6182	0.2022919294106045	0.7977080705893954	0.0	1.0	0.0041350174710864	0.9958649825289188	0.1748063320983496	0.8251936679016504	0.1609687751609023	0.8390312248390976	0.4161082954633525	0.5838917045366474	0.4545454545454545	0.5454545454545454	0.4293814287485487	0.5706185712514528	0.1893939393939394	0.8106060606060606	0.4528388519764466	0.5471611480235534	0.7317	0.6543	0.7076	0.6832	0.6928	0.6379	0.6605	0.614	0.7169	0.6485	0.7472	0.6547	0.7926	0.6395	0.7384	0.6621	0.7015	0.634	0.7417	0.6827	0.45825760760600237	0.5417423923939977	1	0
35	SIN_113.jpg	When your mom tells you to load the dishwasher so you fuck a feminist without a condom	1	0	0	0	0	0	0	0	0	0	0	0	0	0	0	0	0	0	0	0	0.1053640697257448	0.7168	0.673	0.894635930274255	0.0	0.6843	1.0	0.6227	2.4403989745734576e-07	0.6863	0.9999997559600912	0.6435	0.2094448449891852	0.6302	0.7905551550108147	0.6373	0.0057399263983491	0.713	0.9942600736016508	0.6182	0.6636024551862103	0.3363975448137897	0.8571428571428571	0.1428571428571428	0.7020063527123083	0.2979936472877389	0.6616618324518	0.3383381675481999	0.6485212374523812	0.3514787625476188	0.7865433919427647	0.2134566080572352	0.3636363636363636	0.6363636363636364	0.5626637425649983	0.4373362574349999	0.691156462585034	0.308843537414966	0.7549696944322559	0.245030305567744	0.7317	0.6543	0.7076	0.6832	0.6928	0.6379	0.6605	0.614	0.7169	0.6485	0.7472	0.6547	0.7926	0.6395	0.7384	0.6621	0.7015	0.634	0.7417	0.6827	0.46182529902565966	0.5381747009743404	1	1
36	SIN_45.jpg	BITCH WHAT THE FUCK YOU TALKIN BOUT MemesHappen	0	0	0	0	0	0	0	0	0	0	1	0	0	0	0	0	0	0	0	0	0.4215937838645782	0.7168	0.673	0.5784062161354218	0.1428571428571428	0.6843	0.8571428571428571	0.6227	0.0089203385783388	0.6863	0.9910796614216838	0.6435	0.6987740805604203	0.6302	0.3012259194395796	0.6373	0.4111765002042686	0.713	0.5888234997957313	0.6182	0.2485847912103466	0.7514152087896534	0.0	1.0	0.0031747526079385	0.996825247392096	0.1748063320983496	0.8251936679016504	0.2506601045489413	0.7493398954510587	0.266456291969094	0.733543708030906	0.3636363636363636	0.6363636363636364	0.4815665106338045	0.5184334893661928	0.3333333333333333	0.6666666666666666	0.3632795531140941	0.6367204468859059	0.7317	0.6543	0.7076	0.6832	0.6928	0.6379	0.6605	0.614	0.7169	0.6485	0.7472	0.6547	0.7926	0.6395	0.7384	0.6621	0.7015	0.634	0.7417	0.6827	0.28067914074304173	0.7193208592569582	1	1
37	SIN_64.jpg	Lady: am I ok? Paramedic: it's just a scratch on our leg Lady: let me see Paramedic: the leg is in the oter ambulance.	0	0	0	0	0	0	0	0	0	0	0	0	0	0	0	0	0	0	0	0	0.7340498237197722	0.7168	0.673	0.2659501762802277	0.7142857142857143	0.6843	0.2857142857142857	0.6227	0.1718570244780478	0.6863	0.8281429755219142	0.6435	0.3321554770318021	0.6302	0.6678445229681979	0.6373	0.9376521959349488	0.713	0.0623478040650511	0.6182	0.6246844119773153	0.3753155880226847	0.8571428571428571	0.1428571428571428	0.2948956419360744	0.7051043580639346	0.6616618324518	0.3383381675481999	0.4854851091883941	0.5145148908116058	0.5721477701287754	0.4278522298712247	0.8181818181818182	0.1818181818181818	0.5168176724056482	0.4831823275943542	0.5067669172932331	0.4932330827067669	0.64193372960954	0.3580662703904599	0.7317	0.6543	0.7076	0.6832	0.6928	0.6379	0.6605	0.614	0.7169	0.6485	0.7472	0.6547	0.7926	0.6395	0.7384	0.6621	0.7015	0.634	0.7417	0.6827	0.5989219342197634	0.40107806578023664	0	0
38	SIN_5.jpg	DEVELOPER ANDROID IOS imgflip.com	0	0	0	0	0	0	0	0	0	0	0	0	0	1	0	0	0	0	0	0	0.9703862188749393	0.7168	0.673	0.0296137811250607	0.8095238095238095	0.6843	0.1904761904761904	0.6227	0.999999989348112	0.6863	1.0651845188949713e-08	0.6435	0.6987740805604203	0.6302	0.3012259194395796	0.6373	0.996596140410138	0.713	0.0034038595898621	0.6182	0.2266690277481833	0.7733309722518167	0.1428571428571428	0.8571428571428571	0.0058168959123481	0.994183104087664	0.5041322314049587	0.4958677685950413	0.2331846130506547	0.7668153869493453	0.2721569934466706	0.7278430065533293	0.5454545454545454	0.4545454545454545	0.1154586967983075	0.8845413032016907	0.0955414012738853	0.9044585987261148	0.244467999060734	0.755532000939266	0.7317	0.6543	0.7076	0.6832	0.6928	0.6379	0.6605	0.614	0.7169	0.6485	0.7472	0.6547	0.7926	0.6395	0.7384	0.6621	0.7015	0.634	0.7417	0.6827	0.472670898405398	0.527329101594602	1	0
39	SIN_68.jpg	NOBODY GIVES BEST WISHES BETTER THAN ME, BELIEVE ME MemesHappen	0	0	0	0	0	0	0	0	0	0	1	0	0	0	0	0	0	0	0	0	0.5672400429645913	0.7168	0.673	0.4327599570354087	0.4285714285714285	0.6843	0.5714285714285714	0.6227	0.9839159515629544	0.6863	0.0160840484370793	0.6435	0.6987740805604203	0.6302	0.3012259194395796	0.6373	0.3442648816632102	0.713	0.6557351183367898	0.6182	0.6762054850791892	0.3237945149208107	0.7142857142857143	0.2857142857142857	0.9862443975617368	0.0137556024382601	0.6616618324518	0.3383381675481999	0.6034336872228687	0.3965663127771313	0.5530074450238257	0.4469925549761743	0.6818181818181818	0.3181818181818182	0.7232580566163026	0.2767419433836977	0.691156462585034	0.308843537414966	0.5325355091090184	0.4674644908909816	0.7317	0.6543	0.7076	0.6832	0.6928	0.6379	0.6605	0.614	0.7169	0.6485	0.7472	0.6547	0.7926	0.6395	0.7384	0.6621	0.7015	0.634	0.7417	0.6827	0.6566533998560987	0.3433466001439013	0	0
40	SIN_10.jpg	CHICK MAGNET	0	1	0	0	0	0	0	0	0	0	0	0	0	0	0	0	0	0	0	0	0.1194073726102906	0.7168	0.673	0.8805926273897093	0.0952380952380952	0.6843	0.9047619047619048	0.6227	2.003250537861677e-08	0.6863	0.99999997996747	0.6435	0.2094448449891852	0.6302	0.7905551550108147	0.6373	0.0188752869961836	0.713	0.9811247130038164	0.6182	0.6591348505303968	0.3408651494696031	1.0	0.0	0.8250736447359873	0.17492635526399	0.6616618324518	0.3383381675481999	0.746149222295597	0.2538507777044029	0.8373051918847629	0.162694808115237	0.7727272727272727	0.2272727272727272	0.9653058219055676	0.0346941780944321	0.6072386058981233	0.3927613941018766	0.8099383580892145	0.1900616419107854	0.7317	0.6543	0.7076	0.6832	0.6928	0.6379	0.6605	0.614	0.7169	0.6485	0.7472	0.6547	0.7926	0.6395	0.7384	0.6621	0.7015	0.634	0.7417	0.6827	0.5515217648048562	0.44847823519514385	0	0
41	SIN_114.jpg	YOLO! BITCH! ENOUGH!!! Memeshappen.com	0	0	0	0	0	0	0	0	0	0	0	0	0	0	0	0	0	0	0	0	0.3431041173926701	0.7168	0.673	0.65689588260733	0.238095238095238	0.6843	0.7619047619047619	0.6227	0.0354260935507862	0.6863	0.9645739064491792	0.6435	0.6987740805604203	0.6302	0.3012259194395796	0.6373	0.2203239907929707	0.713	0.7796760092070293	0.6182	0.6697856954426015	0.3302143045573985	0.5714285714285714	0.4285714285714285	0.9309846467615	0.0690153532385008	0.6616618324518	0.3383381675481999	0.7297686278050356	0.2702313721949644	0.7368915761518009	0.2631084238481991	0.8181818181818182	0.1818181818181818	0.7162452244005255	0.2837547755994731	0.5067669172932331	0.4932330827067669	0.7636986831143929	0.236301316885607	0.7317	0.6543	0.7076	0.6832	0.6928	0.6379	0.6605	0.614	0.7169	0.6485	0.7472	0.6547	0.7926	0.6395	0.7384	0.6621	0.7015	0.634	0.7417	0.6827	0.5741544720509134	0.42584552794908653	0	1
42	SIN_127.jpg	KISS ME BEFORE MY BOYFRIEND COMES BACK OPPORTUNITY not everyone get such motivateusnot.com	0	0	0	0	0	0	0	0	0	0	0	0	0	0	0	0	0	0	0	0	0.828712942141655	0.7168	0.673	0.171287057858345	0.6190476190476191	0.6843	0.3809523809523809	0.6227	0.9969200359573795	0.6863	0.0030799640426462	0.6435	0.5714992577931717	0.6302	0.4285007422068283	0.6373	0.9830312261857278	0.713	0.0169687738142721	0.6182	0.2049747559797248	0.7950252440202752	0.2857142857142857	0.7142857142857143	0.001986446503282	0.9980135534966864	0.1748063320983496	0.8251936679016504	0.15172409852876	0.84827590147124	0.1977780549021985	0.8022219450978014	0.1818181818181818	0.8181818181818182	0.1377109484353029	0.8622890515646996	0.5067669172932331	0.4932330827067669	0.1712843653499215	0.8287156346500785	0.7317	0.6543	0.7076	0.6832	0.6928	0.6379	0.6605	0.614	0.7169	0.6485	0.7472	0.6547	0.7926	0.6395	0.7384	0.6621	0.7015	0.634	0.7417	0.6827	0.4136909807111207	0.5863090192888794	1	0
43	SIN_176.jpg	WOMEN ARE WEAKER THAN MEN OTHERWISE IT WOULD BE OKAY FOR ME TO HIT WOMEN memegenerator.net	0	0	0	0	0	0	0	0	0	0	0	0	0	0	0	0	0	0	0	0	0.0633306627463007	0.7168	0.673	0.9366693372536992	0.0	0.6843	1.0	0.6227	5.1519196028240316e-11	0.6863	0.9999999999485	0.6435	0.2094448449891852	0.6302	0.7905551550108147	0.6373	0.0069182060577067	0.713	0.9930817939422932	0.6182	0.6773085360146427	0.3226914639853572	0.7142857142857143	0.2857142857142857	0.8723832567540989	0.1276167432459559	0.6616618324518	0.3383381675481999	0.6372293782606757	0.3627706217393243	0.59366251717741	0.4063374828225899	0.5454545454545454	0.4545454545454545	0.7275866789640163	0.272413321035987	0.691156462585034	0.308843537414966	0.5840390203518071	0.4159609796481929	0.7317	0.6543	0.7076	0.6832	0.6928	0.6379	0.6605	0.614	0.7169	0.6485	0.7472	0.6547	0.7926	0.6395	0.7384	0.6621	0.7015	0.634	0.7417	0.6827	0.4589486200020358	0.5410513799979642	1	1
44	SIN_54.jpg	WHI is there a penguin on the helipad? WHI did you even notice the penguin… BECAUSE Not everyone on Earth is a straight male. DEMOTIVATIONAL POSERS Becoming the bathroom stall doors of the internet VERY DEMOTIVATIONAL.com	0	0	0	1	0	0	0	0	0	0	0	0	0	0	0	0	0	0	0	0	0.4090111286300978	0.7168	0.673	0.5909888713699022	0.2857142857142857	0.6843	0.7142857142857143	0.6227	0.9876662738253552	0.6863	0.0123337261746148	0.6435	0.8626198083067093	0.6302	0.1373801916932907	0.6373	0.4444980874582219	0.713	0.555501912541778	0.6182	0.664683306490528	0.3353166935094721	0.7142857142857143	0.2857142857142857	0.9748513571617686	0.0251486428381956	0.6616618324518	0.3383381675481999	0.6093849015137924	0.3906150984862075	0.5594964969347385	0.4405035030652615	0.5909090909090909	0.4090909090909091	0.8390424252137375	0.160957574786266	0.715194109772423	0.2848058902275769	0.5532401371028105	0.4467598628971895	0.7317	0.6543	0.7076	0.6832	0.6928	0.6379	0.6605	0.614	0.7169	0.6485	0.7472	0.6547	0.7926	0.6395	0.7384	0.6621	0.7015	0.634	0.7417	0.6827	0.6563157158274491	0.343684284172551	0	0
45	SIN_134.jpg	THINKS COMMUNISM IS THE BEST FOR EVERYONE IGNORES THE GRET PURGE memegenerator.net	0	0	0	0	0	0	0	0	0	0	0	0	0	0	0	0	0	1	0	0	0.8318156844132755	0.7168	0.673	0.1681843155867245	0.9523809523809524	0.6843	0.0476190476190476	0.6227	0.998844737661011	0.6863	0.0011552623389773	0.6435	0.6987740805604203	0.6302	0.3012259194395796	0.6373	0.9992585808251068	0.713	0.0007414191748933	0.6182	0.2096799530835092	0.7903200469164908	0.0	1.0	0.0058346220647806	0.994165377935244	0.1748063320983496	0.8251936679016504	0.1856888977051083	0.8143111022948917	0.281282948189171	0.718717051810829	0.2727272727272727	0.7272727272727273	0.3055696391525375	0.6944303608474622	0.1058823529411764	0.8941176470588236	0.3147068082884289	0.6852931917115711	0.7317	0.6543	0.7076	0.6832	0.6928	0.6379	0.6605	0.614	0.7169	0.6485	0.7472	0.6547	0.7926	0.6395	0.7384	0.6621	0.7015	0.634	0.7417	0.6827	0.4387354228073379	0.561264577192662	1	1
46	SIN_67.jpg	I DON'T ALWAYS SURF BUT WHEN I SURF I SURF THE CINCO DE MAUO PRO memeshappen.com	0	0	0	0	0	0	0	0	0	0	0	0	0	0	0	0	0	0	0	0	0.78805760984341	0.7168	0.673	0.21194239015659	0.4285714285714285	0.6843	0.5714285714285714	0.6227	0.9999999314198954	0.6863	6.858014261253838e-08	0.6435	0.8626198083067093	0.6302	0.1373801916932907	0.6373	0.9778770109113216	0.713	0.0221229890886784	0.6182	0.5873945035483074	0.4126054964516926	0.2857142857142857	0.7142857142857143	0.6490948161573563	0.3509051838425976	0.6616618324518	0.3383381675481999	0.430529627319171	0.569470372680829	0.363423585638239	0.6365764143617609	0.3636363636363636	0.6363636363636364	0.5326755287922562	0.46732447120774	0.5530973451327433	0.4469026548672566	0.4517784801827501	0.5482215198172499	0.7317	0.6543	0.7076	0.6832	0.6928	0.6379	0.6605	0.614	0.7169	0.6485	0.7472	0.6547	0.7926	0.6395	0.7384	0.6621	0.7015	0.634	0.7417	0.6827	0.6005206237878029	0.39947937621219715	0	0
47	SIN_21.jpg	A 50 YEAR OLD SINGLE WOMEN THIS IS WHAT THEY DREAM OF VERY DEMOTIVATIONAL.com	0	0	0	0	0	0	0	0	0	0	0	0	0	0	0	0	0	0	0	0	0.4767120772544871	0.7168	0.673	0.523287922745513	0.4285714285714285	0.6843	0.5714285714285714	0.6227	3.346106735116781e-07	0.6863	0.9999996653893382	0.6435	0.2094448449891852	0.6302	0.7905551550108147	0.6373	0.0273983019689326	0.713	0.9726016980310672	0.6182	0.2856752775982795	0.7143247224017206	1.0	0.0	0.0137300532238935	0.9862699467761522	0.6666666666666666	0.3333333333333333	0.543260154807069	0.4567398451929309	0.1573738415081617	0.8426261584918382	0.6818181818181818	0.3181818181818182	0.8930821476229106	0.1069178523770921	0.0	1.0	0.412817047004241	0.587182952995759	0.7317	0.6543	0.7076	0.6832	0.6928	0.6379	0.6605	0.614	0.7169	0.6485	0.7472	0.6547	0.7926	0.6395	0.7384	0.6621	0.7015	0.634	0.7417	0.6827	0.3875645131457108	0.6124354868542892	1	1
48	SIN_155.jpg	MAKE A FEMINIST JOKE ON IMGUR TO LIGHTEN THE MOOD FUCK ME, RIGHT? quickmeme.com	0	0	0	0	0	0	0	0	1	0	0	0	0	0	0	0	0	0	0	0	0.0750240149323139	0.7168	0.673	0.924975985067686	0.0476190476190476	0.6843	0.9523809523809524	0.6227	1.5243441406716588e-12	0.6863	0.999999999998522	0.6435	0.2094448449891852	0.6302	0.7905551550108147	0.6373	0.0563623762871852	0.713	0.9436376237128148	0.6182	0.2650372877593492	0.7349627122406508	0.4285714285714285	0.5714285714285714	0.0806520790827125	0.919347920917282	0.5041322314049587	0.4958677685950413	0.2613703671971048	0.7386296328028952	0.307785558010589	0.692214441989411	0.5909090909090909	0.4090909090909091	0.3831886072555396	0.6168113927444615	0.5067669172932331	0.4932330827067669	0.329646655550013	0.670353344449987	0.7317	0.6543	0.7076	0.6832	0.6928	0.6379	0.6605	0.614	0.7169	0.6485	0.7472	0.6547	0.7926	0.6395	0.7384	0.6621	0.7015	0.634	0.7417	0.6827	0.26520364043768446	0.7347963595623156	1	1
49	SIN_73.jpg	I KNOW A GOOD WHORE WHEN I SEE ONE MemesHappen	0	0	1	0	0	0	0	0	0	0	1	0	0	0	0	0	0	0	0	0	0.0700599266598381	0.7168	0.673	0.929940073340162	0.1904761904761904	0.6843	0.8095238095238095	0.6227	5.986940284106727e-05	0.6863	0.9999401305971954	0.6435	0.3321554770318021	0.6302	0.6678445229681979	0.6373	0.0046975823727377	0.713	0.9953024176272622	0.6182	0.6762054830009839	0.3237945169990159	0.7142857142857143	0.2857142857142857	0.9862444007445724	0.0137555992554266	0.6616618324518	0.3383381675481999	0.6034336805580702	0.3965663194419298	0.8121588921290295	0.1878411078709704	0.2727272727272727	0.7272727272727273	0.8464463483043464	0.1535536516956525	0.6072386058981233	0.3927613941018766	0.7533948812608986	0.2466051187391014	0.7317	0.6543	0.7076	0.6832	0.6928	0.6379	0.6605	0.614	0.7169	0.6485	0.7472	0.6547	0.7926	0.6395	0.7384	0.6621	0.7015	0.634	0.7417	0.6827	0.4966625919691362	0.5033374080308638	1	1
50	SIN_56.jpg	I have done my research. Now I know why ladies are been called chick #Upnepa	0	1	0	0	0	0	0	0	0	0	0	0	0	0	0	0	0	0	0	0	0.5311748407156256	0.7168	0.673	0.4688251592843744	0.4285714285714285	0.6843	0.5714285714285714	0.6227	0.0217214353570967	0.6863	0.978278564642898	0.6435	0.2094448449891852	0.6302	0.7905551550108147	0.6373	0.6393068714008086	0.713	0.3606931285991914	0.6182	0.2042563322536345	0.7957436677463654	0.0	1.0	0.0008497271514996	0.9991502728485078	0.1748063320983496	0.8251936679016504	0.1345892403658642	0.8654107596341357	0.1051257755836011	0.8948742244163987	0.3636363636363636	0.6363636363636364	0.0240268132866705	0.9759731867133326	0.1343669250645995	0.8656330749354005	0.0761300034976149	0.9238699965023852	0.7317	0.6543	0.7076	0.6832	0.6928	0.6379	0.6605	0.614	0.7169	0.6485	0.7472	0.6547	0.7926	0.6395	0.7384	0.6621	0.7015	0.634	0.7417	0.6827	0.2147521414955924	0.7852478585044076	1	1
51	SIN_99.jpg	THAT LOOK YOU GIVE THE MCDONALD'S MANAGER BITCH WHEN SHE OPEN YA SANDWICH AFTER TELLING HER IT EAS MADE WRONG memegenerator.net	0	0	0	0	0	0	0	0	0	0	0	0	0	0	0	0	0	0	0	0	0.1703769859376193	0.7168	0.673	0.8296230140623806	0.1904761904761904	0.6843	0.8095238095238095	0.6227	0.0010678459874148	0.6863	0.998932154012636	0.6435	0.2094448449891852	0.6302	0.7905551550108147	0.6373	0.0649598931049935	0.713	0.9350401068950064	0.6182	0.6708274326874576	0.3291725673125424	0.7142857142857143	0.2857142857142857	0.768742825284432	0.2312571747156154	0.6616618324518	0.3383381675481999	0.6042995347512172	0.3957004652487827	0.6038073004492114	0.3961926995507885	0.9090909090909092	0.0909090909090909	0.7009572109379609	0.2990427890620422	0.5530973451327433	0.4469026548672566	0.6067708334144145	0.3932291665855855	0.7317	0.6543	0.7076	0.6832	0.6928	0.6379	0.6605	0.614	0.7169	0.6485	0.7472	0.6547	0.7926	0.6395	0.7384	0.6621	0.7015	0.634	0.7417	0.6827	0.49197865480396297	0.508021345196037	1	1
52	SIN_33.jpg	That hot chick from high school who's finally ready to give you a chance.	0	1	0	0	0	0	0	0	0	0	0	0	0	0	0	0	0	0	0	0	0.1394044661511513	0.7168	0.673	0.8605955338488487	0.3809523809523809	0.6843	0.6190476190476191	0.6227	2.545029315110528e-05	0.6863	0.9999745497068192	0.6435	0.5714992577931717	0.6302	0.4285007422068283	0.6373	0.0325070648774455	0.713	0.9674929351225544	0.6182	0.2142390170900068	0.7857609829099933	0.1428571428571428	0.8571428571428571	0.0026991011238614	0.9973008988761548	0.1748063320983496	0.8251936679016504	0.2331145685122302	0.7668854314877698	0.3268804053473108	0.6731195946526892	0.3181818181818182	0.6818181818181818	0.3191754629497813	0.6808245370502145	0.1343669250645995	0.8656330749354005	0.1991891741844137	0.8008108258155863	0.7317	0.6543	0.7076	0.6832	0.6928	0.6379	0.6605	0.614	0.7169	0.6485	0.7472	0.6547	0.7926	0.6395	0.7384	0.6621	0.7015	0.634	0.7417	0.6827	0.2122234174309885	0.7877765825690115	1	1
53	SIN_169.jpg	BestDemotivationalPosters.com RIGHT PLACE Right time	0	0	0	0	0	0	0	0	0	0	0	0	0	0	0	0	0	0	0	0	0.2344713557652032	0.7168	0.673	0.7655286442347967	0.2857142857142857	0.6843	0.7142857142857143	0.6227	0.8264731282476897	0.6863	0.1735268717523252	0.6435	0.6987740805604203	0.6302	0.3012259194395796	0.6373	0.3234970802875564	0.713	0.6765029197124436	0.6182	0.6806754143446454	0.3193245856553545	0.5714285714285714	0.4285714285714285	0.7978119877676341	0.2021880122324223	0.6616618324518	0.3383381675481999	0.7460099290194453	0.2539900709805547	0.5266313464514052	0.4733686535485947	0.7272727272727273	0.2727272727272727	0.4968776517775105	0.5031223482224869	0.6072386058981233	0.3927613941018766	0.5071196057786245	0.4928803942213755	0.7317	0.6543	0.7076	0.6832	0.6928	0.6379	0.6605	0.614	0.7169	0.6485	0.7472	0.6547	0.7926	0.6395	0.7384	0.6621	0.7015	0.634	0.7417	0.6827	0.577951543920463	0.422048456079537	0	0
54	SIN_61.jpg	NOT SURE IF THT'S A COMPLEMENT OT YOU'RE CALLONG ME A WHORE memegenerator.net	0	0	1	0	0	0	0	0	0	0	0	0	0	0	0	0	0	0	0	0	0.163057417711429	0.7168	0.673	0.836942582288571	0.1904761904761904	0.6843	0.8095238095238095	0.6227	0.0775517445999372	0.6863	0.9224482554001182	0.6435	0.5714992577931717	0.6302	0.4285007422068283	0.6373	0.0422050120181614	0.713	0.9577949879818386	0.6182	0.6843106134291161	0.3156893865708838	0.5714285714285714	0.4285714285714285	0.9587923992294678	0.0412076007705137	0.6616618324518	0.3383381675481999	0.5186319818980369	0.481368018101963	0.6265134235177084	0.3734865764822915	0.7727272727272727	0.2272727272727272	0.6620175013504355	0.3379824986495649	0.2162162162162162	0.7837837837837838	0.6094530197325754	0.3905469802674247	0.7317	0.6543	0.7076	0.6832	0.6928	0.6379	0.6605	0.614	0.7169	0.6485	0.7472	0.6547	0.7926	0.6395	0.7384	0.6621	0.7015	0.634	0.7417	0.6827	0.4858480310206509	0.5141519689793491	1	0
55	SIN_165.jpg	HEARS QUICKMEME WAS BANNED ON REDDIT PULLS ALL-NIGHTER TO INTEGRATE AN IMGUR MEME TOOL made on imgur	0	0	0	0	0	0	0	0	1	0	0	0	0	0	0	0	0	0	0	0	0.8142761824741829	0.7168	0.673	0.1857238175258171	0.1428571428571428	0.6843	0.8571428571428571	0.6227	0.999265175455376	0.6863	0.0007348245445812	0.6435	0.6987740805604203	0.6302	0.3012259194395796	0.6373	0.8478890543371653	0.713	0.1521109456628347	0.6182	0.659351675765026	0.340648324234974	0.7142857142857143	0.2857142857142857	0.735862759502143	0.2641372404978468	0.6616618324518	0.3383381675481999	0.5975958393453007	0.4024041606546993	0.5363912597710264	0.4636087402289734	0.5454545454545454	0.4545454545454545	0.7249132256136523	0.2750867743863479	0.5530973451327433	0.4469026548672566	0.5208091953550555	0.4791908046449444	0.7317	0.6543	0.7076	0.6832	0.6928	0.6379	0.6605	0.614	0.7169	0.6485	0.7472	0.6547	0.7926	0.6395	0.7384	0.6621	0.7015	0.634	0.7417	0.6827	0.6548139426341353	0.34518605736586466	0	0
56	SIN_52.jpg	YOUR MOTHER Bangs like a screen door in a tornado VERY DEMOTIVATIONAL.com	0	0	0	0	0	0	0	0	0	0	0	0	0	0	0	0	0	0	0	0	0.7059738073363979	0.7168	0.673	0.294026192663602	0.2857142857142857	0.6843	0.7142857142857143	0.6227	0.9930117755294584	0.6863	0.0069882244705317	0.6435	0.5714992577931717	0.6302	0.4285007422068283	0.6373	0.5183218873748885	0.713	0.4816781126251114	0.6182	0.2524027014856418	0.7475972985143582	0.1428571428571428	0.8571428571428571	0.0036641899708106	0.9963358100292078	0.1748063320983496	0.8251936679016504	0.3190320420629116	0.6809679579370884	0.135059416272862	0.8649405837271379	0.3181818181818182	0.6818181818181818	0.0219306304294964	0.9780693695704984	0.1071428571428571	0.8928571428571429	0.1033375352424494	0.8966624647575505	0.7317	0.6543	0.7076	0.6832	0.6928	0.6379	0.6605	0.614	0.7169	0.6485	0.7472	0.6547	0.7926	0.6395	0.7384	0.6621	0.7015	0.634	0.7417	0.6827	0.32253277018984455	0.6774672298101554	1	1
57	SIN_111.jpg	WOMEN THEY WOULD STILL TELL YOU YOU'RE GOING IN THE WRONG DIRECTION DIY.DESPAIR.CO	0	0	0	0	0	0	0	0	0	0	0	0	0	0	0	0	0	0	0	0	0.2787922377497671	0.7168	0.673	0.7212077622502329	0.0476190476190476	0.6843	0.9523809523809524	0.6227	1.362791594634224e-06	0.6863	0.9999986372083832	0.6435	0.2094448449891852	0.6302	0.7905551550108147	0.6373	0.0095463222477786	0.713	0.9904536777522214	0.6182	0.6589848183589531	0.3410151816410468	0.7142857142857143	0.2857142857142857	0.651472388637991	0.3485276113620519	0.6616618324518	0.3383381675481999	0.4586939389082504	0.5413060610917496	0.5949801003738768	0.4050198996261231	0.6818181818181818	0.3181818181818182	0.4485730230202666	0.551426976979731	0.6072386058981233	0.3927613941018766	0.4436062145104904	0.5563937854895096	0.7317	0.6543	0.7076	0.6832	0.6928	0.6379	0.6605	0.614	0.7169	0.6485	0.7472	0.6547	0.7926	0.6395	0.7384	0.6621	0.7015	0.634	0.7417	0.6827	0.42693231017254085	0.5730676898274591	1	1
58	SIN_124.jpg	Pissoir Piss on a Celebrity 50 ct put for group discounts MOTIFAKE If this site was an old friend down on their luck, would you lend a helping hand Or ask for the group discount? Motifake.com	0	0	0	0	0	0	0	0	0	1	0	0	0	0	0	0	0	0	0	0	0.6520320862422292	0.7168	0.673	0.3479679137577708	0.4285714285714285	0.6843	0.5714285714285714	0.6227	0.9983319149450218	0.6863	0.0016680850550003	0.6435	0.8626198083067093	0.6302	0.1373801916932907	0.6373	0.9484152120419944	0.713	0.0515847879580055	0.6182	0.2057848567646217	0.7942151432353782	0.0	1.0	0.0026977112862789	0.997302288713702	0.1748063320983496	0.8251936679016504	0.1947172989813028	0.8052827010186971	0.1435393479913054	0.8564606520086946	0.1363636363636363	0.8636363636363636	0.1033090743883985	0.8966909256116006	0.1343669250645995	0.8656330749354005	0.0850213501321961	0.914978649867804	0.7317	0.6543	0.7076	0.6832	0.6928	0.6379	0.6605	0.614	0.7169	0.6485	0.7472	0.6547	0.7926	0.6395	0.7384	0.6621	0.7015	0.634	0.7417	0.6827	0.35165482617617544	0.6483451738238245	1	1
59	SIN_71.jpg	I LOVE ME ME'S! USES TEMPLATE WRONG memegenerator.net	0	0	0	0	0	0	0	0	0	0	0	0	0	0	1	0	0	0	0	0	0.786571381809509	0.7168	0.673	0.2134286181904909	0.8095238095238095	0.6843	0.1904761904761904	0.6227	0.9361524801806292	0.6863	0.0638475198193463	0.6435	0.6987740805604203	0.6302	0.3012259194395796	0.6373	0.8792943951470413	0.713	0.1207056048529586	0.6182	0.1739216783004805	0.8260783216995196	0.2857142857142857	0.7142857142857143	0.0008118450242073	0.9991881549758104	0.1748063320983496	0.8251936679016504	0.1566039965536784	0.8433960034463216	0.1526494840098509	0.8473505159901491	0.1818181818181818	0.8181818181818182	0.1169623506185601	0.8830376493814404	0.0057306590257879	0.994269340974212	0.0792228233230919	0.920777176676908	0.7317	0.6543	0.7076	0.6832	0.6928	0.6379	0.6605	0.614	0.7169	0.6485	0.7472	0.6547	0.7926	0.6395	0.7384	0.6621	0.7015	0.634	0.7417	0.6827	0.37826152181261097	0.621738478187389	1	1
60	SIN_49.jpg	SWALLOW is that a tattoo of one? VERY DEMOTIVATIONAL.com	0	0	0	0	0	0	0	0	0	0	0	0	0	0	0	0	0	0	0	0	0.4353983300202591	0.7168	0.673	0.5646016699797409	0.3333333333333333	0.6843	0.6666666666666666	0.6227	0.36599272305074	0.6863	0.6340072769492345	0.6435	0.6987740805604203	0.6302	0.3012259194395796	0.6373	0.5821246373304708	0.713	0.4178753626695292	0.6182	0.2086983979647798	0.7913016020352203	0.1428571428571428	0.8571428571428571	0.0008286169700819	0.9991713830299496	0.1748063320983496	0.8251936679016504	0.1553451656408964	0.8446548343591036	0.0412950632850924	0.9587049367149076	0.0909090909090909	0.9090909090909092	0.0166372640936526	0.9833627359063504	0.1343669250645995	0.8656330749354005	0.0244278642717463	0.9755721357282536	0.7317	0.6543	0.7076	0.6832	0.6928	0.6379	0.6605	0.614	0.7169	0.6485	0.7472	0.6547	0.7926	0.6395	0.7384	0.6621	0.7015	0.634	0.7417	0.6827	0.23491396465274322	0.7650860353472568	1	1
61	SIN_2.jpg	Compiler is giving 17 errors. JAVA DEVELOPER Try refreshing the page. HTML DEVELOPER	0	0	0	0	0	0	0	0	0	0	0	0	0	1	0	0	0	0	0	0	0.9557888975235158	0.7168	0.673	0.044211102476484	0.9523809523809524	0.6843	0.0476190476190476	0.6227	0.9999997670103355	0.6863	2.329897013087505e-07	0.6435	0.8626198083067093	0.6302	0.1373801916932907	0.6373	0.9925569320010164	0.713	0.0074430679989835	0.6182	0.3223740723742355	0.6776259276257646	0.7142857142857143	0.2857142857142857	0.307546372651415	0.6924536273485761	0.5041322314049587	0.4958677685950413	0.392100485712638	0.607899514287362	0.5023837670365918	0.4976162329634081	0.8181818181818182	0.1818181818181818	0.6791671700845144	0.3208328299154863	0.6111111111111112	0.3888888888888889	0.596479966780155	0.403520033219845	0.7317	0.6543	0.7076	0.6832	0.6928	0.6379	0.6605	0.614	0.7169	0.6485	0.7472	0.6547	0.7926	0.6395	0.7384	0.6621	0.7015	0.634	0.7417	0.6827	0.6874767112152467	0.31252328878475333	0	0
62	SIN_175.jpg	"""WOMEN ARE WEAK"" THIS WOMAN MADE AN ENTIRE ICE CASTLE HERSELF AND IS A WONDERFUL ROLE MODEL. makeameme.org"	0	0	0	0	0	0	0	0	0	0	0	0	0	0	0	0	0	0	0	0	0.1368106649925243	0.7168	0.673	0.8631893350074756	0.1428571428571428	0.6843	0.8571428571428571	0.6227	1.8145121449019755e-09	0.6863	0.9999999981854444	0.6435	0.2094448449891852	0.6302	0.7905551550108147	0.6373	0.136065937191776	0.713	0.8639340628082239	0.6182	0.3652648513310062	0.6347351486689938	0.4285714285714285	0.5714285714285714	0.1022335553123336	0.8977664446877048	0.1748063320983496	0.8251936679016504	0.2251973757436426	0.7748026242563574	0.2971902575762264	0.7028097424237736	0.1818181818181818	0.8181818181818182	0.2865820533837112	0.7134179466162888	0.715194109772423	0.2848058902275769	0.2504615924297084	0.7495384075702916	0.7317	0.6543	0.7076	0.6832	0.6928	0.6379	0.6605	0.614	0.7169	0.6485	0.7472	0.6547	0.7926	0.6395	0.7384	0.6621	0.7015	0.634	0.7417	0.6827	0.2392109155209019	0.7607890844790981	1	0
63	SIN_51.jpg	HAVE YOU SEEN MY SISTER? THIS IS A RECENT PHOTO. PLEASE HELP FIND HER MemesHappen	0	0	0	0	0	0	0	0	0	0	1	0	0	0	0	0	0	0	0	0	0.2365463662941931	0.7168	0.673	0.7634536337058069	0.6666666666666666	0.6843	0.3333333333333333	0.6227	0.4593012376342405	0.6863	0.540698762365751	0.6435	0.3321554770318021	0.6302	0.6678445229681979	0.6373	0.1071014246975387	0.713	0.8928985753024613	0.6182	0.6438960935351666	0.3561039064648333	0.4285714285714285	0.5714285714285714	0.7675226485193956	0.2324773514806423	0.6616618324518	0.3383381675481999	0.5170973191015815	0.4829026808984184	0.5586090371565432	0.4413909628434568	0.5909090909090909	0.4090909090909091	0.8025917503929949	0.1974082496070083	0.6072386058981233	0.3927613941018766	0.4455631349952008	0.5544368650047992	0.7317	0.6543	0.7076	0.6832	0.6928	0.6379	0.6605	0.614	0.7169	0.6485	0.7472	0.6547	0.7926	0.6395	0.7384	0.6621	0.7015	0.634	0.7417	0.6827	0.5201847556086502	0.4798152443913497	0	0
64	SIN_138.jpg	IT'S A-ANTI ITALIAN A-DISCRIMINATION	0	0	0	0	0	0	0	0	0	0	0	0	0	0	0	0	0	0	0	0	0.6236801044374366	0.7168	0.673	0.3763198955625634	0.6190476190476191	0.6843	0.3809523809523809	0.6227	0.8377993657660914	0.6863	0.1622006342339572	0.6435	0.6987740805604203	0.6302	0.3012259194395796	0.6373	0.2346351309490333	0.713	0.7653648690509667	0.6182	0.6498593725259936	0.3501406274740065	0.5714285714285714	0.4285714285714285	0.8814458890048119	0.1185541109951372	0.6616618324518	0.3383381675481999	0.6231941663527778	0.3768058336472221	0.5172547906069237	0.4827452093930763	0.5909090909090909	0.4090909090909091	0.4360353960210367	0.5639646039789666	0.6072386058981233	0.3927613941018766	0.4844159128275979	0.5155840871724021	0.7317	0.6543	0.7076	0.6832	0.6928	0.6379	0.6605	0.614	0.7169	0.6485	0.7472	0.6547	0.7926	0.6395	0.7384	0.6621	0.7015	0.634	0.7417	0.6827	0.6039611638568604	0.3960388361431396	0	0
65	SIN_177.jpg	Communism in theory Communism in practice STARECAT.COM	0	0	0	0	0	0	0	0	0	0	0	0	0	0	0	0	0	1	0	0	0.8385860160292612	0.7168	0.673	0.1614139839707388	0.8571428571428571	0.6843	0.1428571428571428	0.6227	0.9998786652324534	0.6863	0.0001213347676001	0.6435	0.6987740805604203	0.6302	0.3012259194395796	0.6373	0.9579520799263505	0.713	0.0420479200736496	0.6182	0.6888006412148882	0.3111993587851117	0.7142857142857143	0.2857142857142857	0.8558322019077632	0.1441677980921973	0.6616618324518	0.3383381675481999	0.667409093966568	0.332590906033432	0.2476240002501113	0.7523759997498887	0.6363636363636364	0.3636363636363636	0.42595868771292	0.574041312287087	0.2547307132459971	0.745269286754003	0.3225039793090325	0.6774960206909675	0.7317	0.6543	0.7076	0.6832	0.6928	0.6379	0.6605	0.614	0.7169	0.6485	0.7472	0.6547	0.7926	0.6395	0.7384	0.6621	0.7015	0.634	0.7417	0.6827	0.6640457535216431	0.33595424647835687	0	0
66	SIN_48.jpg	NOW THAT Is the droid i've been looking for VERY DEMOTIVATIONAL.com	0	0	0	0	0	0	0	0	0	0	0	0	0	0	0	0	0	0	0	0	0.305459508091544	0.7168	0.673	0.6945404919084559	0.5714285714285714	0.6843	0.4285714285714285	0.6227	0.999582529020906	0.6863	0.0004174709790709	0.6435	0.6987740805604203	0.6302	0.3012259194395796	0.6373	0.6985328976658154	0.713	0.3014671023341846	0.6182	0.1693002809864811	0.8306997190135188	0.0	1.0	0.0010347567942401	0.9989652432057626	0.1748063320983496	0.8251936679016504	0.0610093729436689	0.9389906270563312	0.1035008337031432	0.8964991662968569	0.0454545454545454	0.9545454545454546	0.0234905517951405	0.9765094482048612	0.0057306590257879	0.994269340974212	0.0404796129343348	0.9595203870656652	0.7317	0.6543	0.7076	0.6832	0.6928	0.6379	0.6605	0.614	0.7169	0.6485	0.7472	0.6547	0.7926	0.6395	0.7384	0.6621	0.7015	0.634	0.7417	0.6827	0.27191715235617064	0.7280828476438294	1	1
67	SIN_157.jpg	RACE MIXING IS COMMUNISM SOCIAL DISTANCING COMMUNISM SALAD IS COMMUNISM	0	0	0	0	0	0	0	0	0	0	0	0	0	0	0	0	0	1	0	0	0.9180552511060036	0.7168	0.673	0.0819447488939962	0.7142857142857143	0.6843	0.2857142857142857	0.6227	0.9999662395187984	0.6863	3.376048119373232e-05	0.6435	0.6987740805604203	0.6302	0.3012259194395796	0.6373	0.9889338836375354	0.713	0.0110661163624646	0.6182	0.1983513114648041	0.8016486885351958	0.1428571428571428	0.8571428571428571	0.002444672649716	0.9975553273502752	0.1748063320983496	0.8251936679016504	0.1561789339638278	0.8438210660361721	0.5535072976066717	0.4464927023933283	0.5	0.5	0.4974875721844059	0.5025124278155929	0.5067669172932331	0.4932330827067669	0.5139435858592452	0.4860564141407549	0.7317	0.6543	0.7076	0.6832	0.6928	0.6379	0.6605	0.614	0.7169	0.6485	0.7472	0.6547	0.7926	0.6395	0.7384	0.6621	0.7015	0.634	0.7417	0.6827	0.5161708210971147	0.48382917890288535	0	0
68	SIN_105.jpg	"WATCHED A LYNDA.COM VIDEO ON DREAMWEAVER ""I'M A WEB DEVELOPER"" memegenerator.net"	0	0	0	0	0	0	0	0	0	0	0	0	0	0	0	0	0	0	0	0	0.9054608938880196	0.7168	0.673	0.0945391061119802	0.8571428571428571	0.6843	0.1428571428571428	0.6227	0.9999876856984354	0.6863	1.2314301608208658e-05	0.6435	0.8626198083067093	0.6302	0.1373801916932907	0.6373	0.9948108167167083	0.713	0.0051891832832916	0.6182	0.20346740568035	0.79653259431965	0.0	1.0	0.0020285505983548	0.9979714494016866	0.1748063320983496	0.8251936679016504	0.132994375058438	0.867005624941562	0.354238173495672	0.645761826504328	0.3181818181818182	0.6818181818181818	0.2627586265023959	0.7372413734976023	0.1343669250645995	0.8656330749354005	0.2680544260085118	0.7319455739914882	0.7317	0.6543	0.7076	0.6832	0.6928	0.6379	0.6605	0.614	0.7169	0.6485	0.7472	0.6547	0.7926	0.6395	0.7384	0.6621	0.7015	0.634	0.7417	0.6827	0.4468743534719391	0.5531256465280608	1	1
69	SIN_86.jpg	Marijuana is safer than Mcdonalds enjoy them both you little bitch	0	0	0	0	0	0	0	0	0	0	0	0	0	0	0	0	0	0	0	0	0.3506309531009483	0.7168	0.673	0.6493690468990517	0.8095238095238095	0.6843	0.1904761904761904	0.6227	0.7881107389695283	0.6863	0.2118892610304932	0.6435	0.6987740805604203	0.6302	0.3012259194395796	0.6373	0.4240784363545145	0.713	0.5759215636454855	0.6182	0.6879897837599628	0.3120102162400372	0.7142857142857143	0.2857142857142857	0.9791800142873944	0.020819985712631	0.6616618324518	0.3383381675481999	0.7102194999197204	0.2897805000802795	0.7224303842030146	0.2775696157969853	0.6363636363636364	0.3636363636363636	0.7068257455667212	0.2931742544332786	0.6072386058981233	0.3927613941018766	0.7092030003726455	0.2907969996273545	0.7317	0.6543	0.7076	0.6832	0.6928	0.6379	0.6605	0.614	0.7169	0.6485	0.7472	0.6547	0.7926	0.6395	0.7384	0.6621	0.7015	0.634	0.7417	0.6827	0.6817874322541407	0.3182125677458593	0	0
70	SIN_14.jpg	BROKEN DISHWASHER FOR SALE OR RENT memegenerator.net broken dishwasher for sale or rent - dishwashe | Meme Generator AMERICASBESTPICS.COM	1	0	0	0	0	0	0	0	0	0	0	0	0	0	0	0	0	0	0	0	0.3482768224017424	0.7168	0.673	0.6517231775982576	0.1428571428571428	0.6843	0.8571428571428571	0.6227	0.9995717738234804	0.6863	0.0004282261765197	0.6435	0.8626198083067093	0.6302	0.1373801916932907	0.6373	0.1458936032801964	0.713	0.8541063967198036	0.6182	0.1856228694718158	0.8143771305281842	0.2857142857142857	0.7142857142857143	0.0010058920019925	0.9989941079980108	0.1748063320983496	0.8251936679016504	0.1086928791397966	0.8913071208602034	0.1595764492761749	0.8404235507238251	0.2272727272727272	0.7727272727272727	0.051826727644545	0.9481732723554512	0.627906976744186	0.3720930232558139	0.159203966365227	0.840796033634773	0.7317	0.6543	0.7076	0.6832	0.6928	0.6379	0.6605	0.614	0.7169	0.6485	0.7472	0.6547	0.7926	0.6395	0.7384	0.6621	0.7015	0.634	0.7417	0.6827	0.29907660219822074	0.7009233978017793	1	1
71	SIN_16.jpg	WHAT IF I TOLD YOU DIRTY DISHES ALSO FIT IN EMPTY DISHWASHER. Memegenerator.net	0	0	0	0	0	0	0	0	0	0	0	0	0	0	0	0	0	0	0	0	0.2999024389377085	0.7168	0.673	0.7000975610622915	0.0476190476190476	0.6843	0.9523809523809524	0.6227	0.5035234909323943	0.6863	0.4964765090676059	0.6435	0.4755244755244755	0.6302	0.5244755244755245	0.6373	0.0050467697431819	0.713	0.994953230256818	0.6182	0.6646908031354591	0.3353091968645408	0.8571428571428571	0.1428571428571428	0.8092074520410687	0.1907925479589314	0.6616618324518	0.3383381675481999	0.6435368691358295	0.3564631308641705	0.5786398679225802	0.4213601320774197	0.8181818181818182	0.1818181818181818	0.6377853181709949	0.3622146818290085	0.6072386058981233	0.3927613941018766	0.5526152359582088	0.4473847640417911	0.7317	0.6543	0.7076	0.6832	0.6928	0.6379	0.6605	0.614	0.7169	0.6485	0.7472	0.6547	0.7926	0.6395	0.7384	0.6621	0.7015	0.634	0.7417	0.6827	0.5408892182508782	0.45911078174912173	0	0
72	SIN_96.jpg	YOU SEE A POPULAR NEW GRU TEMPLATE ON REDDIT YOU DECIDE TO MAKE A MEME AS WELL YOU USE THE WRONG TEMPLATE YOU USE THE WRONG TEMPLATE PEOPLE LIKE IT ANYWAY imgflip.com	0	0	0	0	0	0	0	0	0	0	0	0	0	0	1	0	0	0	0	0	0.7021114616069846	0.7168	0.673	0.2978885383930155	0.5238095238095238	0.6843	0.4761904761904761	0.6227	0.938651813567181	0.6863	0.0613481864328722	0.6435	0.8626198083067093	0.6302	0.1373801916932907	0.6373	0.9205146250784456	0.713	0.0794853749215543	0.6182	0.7064337834791118	0.2935662165208882	0.7142857142857143	0.2857142857142857	0.9866099996420952	0.0133900003579355	0.6616618324518	0.3383381675481999	0.8275434727720858	0.1724565272279141	0.7057839451805122	0.2942160548194877	0.7272727272727273	0.2727272727272727	0.5819937507907444	0.4180062492092565	0.6072386058981233	0.3927613941018766	0.7091889945451721	0.2908110054548278	0.7317	0.6543	0.7076	0.6832	0.6928	0.6379	0.6605	0.614	0.7169	0.6485	0.7472	0.6547	0.7926	0.6395	0.7384	0.6621	0.7015	0.634	0.7417	0.6827	0.7490905089143228	0.25090949108567717	0	0
73	SIN_171.jpg	BestDemotivationalPosters.com THAT MOMENT Is an epic movie	0	0	0	0	0	0	0	0	0	0	0	0	0	0	0	0	0	0	0	0	0.8466546862906759	0.7168	0.673	0.1533453137093241	0.5238095238095238	0.6843	0.4761904761904761	0.6227	0.999866518917866	0.6863	0.0001334810821847	0.6435	0.6987740805604203	0.6302	0.3012259194395796	0.6373	0.7140516191163029	0.713	0.285948380883697	0.6182	0.6661618337829737	0.3338381662170264	0.7142857142857143	0.2857142857142857	0.8678296950529522	0.1321703049470433	0.6616618324518	0.3383381675481999	0.7721815957780095	0.2278184042219904	0.5295516338154933	0.4704483661845067	0.7272727272727273	0.2727272727272727	0.8179626787765496	0.1820373212234462	0.6072386058981233	0.3927613941018766	0.6089015011062922	0.3910984988937079	0.7317	0.6543	0.7076	0.6832	0.6928	0.6379	0.6605	0.614	0.7169	0.6485	0.7472	0.6547	0.7926	0.6395	0.7384	0.6621	0.7015	0.634	0.7417	0.6827	0.7213518119320476	0.2786481880679525	0	0
74	SIN_140.jpg	Communism Grab them by the pussy Seize the means of production ifunny.co	0	0	0	0	0	0	0	0	0	0	0	0	0	0	0	0	0	1	0	0	0.4099459447335544	0.7168	0.673	0.5900540552664456	0.3333333333333333	0.6843	0.6666666666666666	0.6227	0.92267936649063	0.6863	0.0773206335093364	0.6435	0.5714992577931717	0.6302	0.4285007422068283	0.6373	0.3253648894300545	0.713	0.6746351105699455	0.6182	0.6658588917619828	0.3341411082380173	0.5714285714285714	0.4285714285714285	0.9821517288651136	0.0178482711349335	0.6616618324518	0.3383381675481999	0.5178412483173174	0.4821587516826827	0.4381002227100354	0.5618997772899645	0.5909090909090909	0.4090909090909091	0.6510759864280322	0.3489240135719644	0.5251798561151079	0.4748201438848921	0.4694763065693202	0.5305236934306797	0.7317	0.6543	0.7076	0.6832	0.6928	0.6379	0.6605	0.614	0.7169	0.6485	0.7472	0.6547	0.7926	0.6395	0.7384	0.6621	0.7015	0.634	0.7417	0.6827	0.5762436232622982	0.4237563767377018	0	1
75	SIN_153.jpg	BestDemotivationalPosters.com FEMINISM strong smart and independent until things get a bit difficult	0	0	0	0	0	0	0	0	0	0	0	0	0	0	0	0	0	0	0	0	0.0446450553295017	0.7168	0.673	0.9553549446704984	0.0476190476190476	0.6843	0.9523809523809524	0.6227	8.563719272901971e-15	0.6863	1.0	0.6435	0.2094448449891852	0.6302	0.7905551550108147	0.6373	0.0319395108204833	0.713	0.9680604891795168	0.6182	0.1918132205912598	0.8081867794087401	0.2857142857142857	0.7142857142857143	0.0113210610623375	0.9886789389377042	0.1748063320983496	0.8251936679016504	0.1659373477136884	0.8340626522863116	0.1352983048446867	0.8647016951553133	0.0454545454545454	0.9545454545454546	0.1145602618597437	0.8854397381402541	0.1343669250645995	0.8656330749354005	0.0870398415611489	0.912960158438851	0.7317	0.6543	0.7076	0.6832	0.6928	0.6379	0.6605	0.614	0.7169	0.6485	0.7472	0.6547	0.7926	0.6395	0.7384	0.6621	0.7015	0.634	0.7417	0.6827	0.1094372117232008	0.8905627882767992	1	1
76	SIN_57.jpg	DON'T BE CHICKEN CLEAN UP YOUR AREA memeshappen.com	0	0	0	0	0	0	0	0	0	0	0	0	0	0	0	0	0	0	0	0	0.6838835188336766	0.7168	0.673	0.3161164811663234	0.3809523809523809	0.6843	0.6190476190476191	0.6227	0.8137370256750711	0.6863	0.1862629743249435	0.6435	0.6987740805604203	0.6302	0.3012259194395796	0.6373	0.5200742009995857	0.713	0.4799257990004143	0.6182	0.6455652920829277	0.3544347079170723	0.5714285714285714	0.4285714285714285	0.7795674230771298	0.2204325769228254	0.6616618324518	0.3383381675481999	0.6071712151929888	0.3928287848070112	0.6787231580575975	0.3212768419424024	0.8636363636363636	0.1363636363636363	0.8730909925222395	0.1269090074777637	0.715194109772423	0.2848058902275769	0.6723781302248448	0.3276218697751552	0.7317	0.6543	0.7076	0.6832	0.6928	0.6379	0.6605	0.614	0.7169	0.6485	0.7472	0.6547	0.7926	0.6395	0.7384	0.6621	0.7015	0.634	0.7417	0.6827	0.6786838073714364	0.3213161926285636	0	0
77	SIN_23.jpg	PUT THE MOTHERFUCKING DISHES IN THE MOTHERFUCKING DISHWASHER quickmeme.com	1	0	0	0	0	0	0	0	0	0	0	0	0	0	0	0	0	0	0	0	0.3595795830568714	0.7168	0.673	0.6404204169431286	0.0952380952380952	0.6843	0.9047619047619048	0.6227	0.0014536498092566	0.6863	0.9985463501907847	0.6435	0.4755244755244755	0.6302	0.5244755244755245	0.6373	0.0056983431016783	0.713	0.9943016568983216	0.6182	0.6639190255951248	0.3360809744048751	0.7142857142857143	0.2857142857142857	0.9661768100314854	0.0338231899685525	0.6616618324518	0.3383381675481999	0.6014670605036448	0.3985329394963551	0.5471785979477399	0.4528214020522599	0.6363636363636364	0.3636363636363636	0.6903123948440436	0.3096876051559565	0.5530973451327433	0.4469026548672566	0.4772757350514783	0.5227242649485216	0.7317	0.6543	0.7076	0.6832	0.6928	0.6379	0.6605	0.614	0.7169	0.6485	0.7472	0.6547	0.7926	0.6395	0.7384	0.6621	0.7015	0.634	0.7417	0.6827	0.4924201907793139	0.5075798092206861	1	0
78	SIN_12.jpg	me deleting posts after my family has found my social media WHORE ifunny.co	0	0	1	0	0	0	0	0	0	0	0	0	0	0	0	0	0	0	0	0	0.840174680816643	0.7168	0.673	0.1598253191833568	0.1428571428571428	0.6843	0.8571428571428571	0.6227	0.999999610963717	0.6863	3.89036248556787e-07	0.6435	0.5714992577931717	0.6302	0.4285007422068283	0.6373	0.9347814075788092	0.713	0.0652185924211907	0.6182	0.2030632425660861	0.7969367574339138	0.0	1.0	0.0026574090933717	0.997342590906583	0.1748063320983496	0.8251936679016504	0.2272214620574612	0.7727785379425388	0.377343689554829	0.622656310445171	0.3636363636363636	0.6363636363636364	0.3917061417099674	0.60829385829003	0.0955414012738853	0.9044585987261148	0.3172916153816181	0.6827083846183819	0.7317	0.6543	0.7076	0.6832	0.6928	0.6379	0.6605	0.614	0.7169	0.6485	0.7472	0.6547	0.7926	0.6395	0.7384	0.6621	0.7015	0.634	0.7417	0.6827	0.39123451030740314	0.6087654896925969	1	1
79	SIN_66.jpg	I have a new framework down here JavaScript Developers	0	0	0	0	0	0	0	0	0	0	0	0	0	0	0	0	0	0	0	0	0.9035338834802532	0.7168	0.673	0.0964661165197467	0.9523809523809524	0.6843	0.0476190476190476	0.6227	0.9999999993613072	0.6863	6.386694723724405e-10	0.6435	0.6987740805604203	0.6302	0.3012259194395796	0.6373	0.9931368430059412	0.713	0.0068631569940586	0.6182	0.5989823295182717	0.4010176704817283	0.2857142857142857	0.7142857142857143	0.3374035359559838	0.6625964640440523	0.6616618324518	0.3383381675481999	0.5582955184852165	0.4417044815147835	0.2418111877802072	0.7581888122197928	0.3181818181818182	0.6818181818181818	0.2842014015355588	0.7157985984644386	0.5067669172932331	0.4932330827067669	0.1621310021317089	0.837868997868291	0.7317	0.6543	0.7076	0.6832	0.6928	0.6379	0.6605	0.614	0.7169	0.6485	0.7472	0.6547	0.7926	0.6395	0.7384	0.6621	0.7015	0.634	0.7417	0.6827	0.5756755011952157	0.42432449880478434	0	0
80	SIN_130.jpg	I'D APPRECIATE IT IF YOU WOULD START TREATING ME AS A SEX OBJECT motifake.com	0	0	0	0	0	0	0	0	0	0	0	0	0	0	0	0	0	0	0	0	0.4919821491032571	0.7168	0.673	0.5080178508967428	0.1904761904761904	0.6843	0.8095238095238095	0.6227	0.004983410890293	0.6863	0.9950165891096964	0.6435	0.5714992577931717	0.6302	0.4285007422068283	0.6373	0.3575982065693753	0.713	0.6424017934306246	0.6182	0.1887882189134946	0.8112117810865053	0.1428571428571428	0.8571428571428571	0.0006436050647498	0.9993563949352364	0.1748063320983496	0.8251936679016504	0.1677379684195785	0.8322620315804214	0.1122314815805677	0.8877685184194324	0.0454545454545454	0.9545454545454546	0.0091485870144188	0.990851412985575	0.1343669250645995	0.8656330749354005	0.0602289815470868	0.9397710184529132	0.7317	0.6543	0.7076	0.6832	0.6928	0.6379	0.6605	0.614	0.7169	0.6485	0.7472	0.6547	0.7926	0.6395	0.7384	0.6621	0.7015	0.634	0.7417	0.6827	0.1818945458288195	0.8181054541711805	1	1
81	SIN_101.jpg	Me watching my husband load the dishwasher you'redoing amazing sweetie. @headgravy	1	0	0	0	0	0	0	0	0	0	0	0	0	0	0	0	0	0	0	0	0.2513513325490866	0.7168	0.673	0.7486486674509134	0.0476190476190476	0.6843	0.9523809523809524	0.6227	0.3632591415183056	0.6863	0.6367408584817332	0.6435	0.2094448449891852	0.6302	0.7905551550108147	0.6373	0.3328209100822678	0.713	0.6671790899177322	0.6182	0.2372317390048828	0.7627682609951171	0.5714285714285714	0.4285714285714285	0.0153785467878414	0.9846214532121316	0.1748063320983496	0.8251936679016504	0.3128791892852499	0.6871208107147501	0.1658321150175706	0.8341678849824294	0.3181818181818182	0.6818181818181818	0.0643349462482599	0.9356650537517396	0.1343669250645995	0.8656330749354005	0.1110781471765897	0.8889218528234103	0.7317	0.6543	0.7076	0.6832	0.6928	0.6379	0.6605	0.614	0.7169	0.6485	0.7472	0.6547	0.7926	0.6395	0.7384	0.6621	0.7015	0.634	0.7417	0.6827	0.22453570063298436	0.7754642993670157	1	0
82	SIN_85.jpg	What if I told you The sink is not a dishwasher	1	0	0	0	0	0	0	0	0	0	0	0	0	0	0	0	0	0	0	0	0.450906879446433	0.7168	0.673	0.5490931205535671	0.0952380952380952	0.6843	0.9047619047619048	0.6227	0.9962027088433372	0.6863	0.0037972911566392	0.6435	0.4755244755244755	0.6302	0.5244755244755245	0.6373	0.2306685613893364	0.713	0.7693314386106636	0.6182	0.6817025312373776	0.3182974687626224	0.8571428571428571	0.1428571428571428	0.9031967291545968	0.0968032708454167	0.6616618324518	0.3383381675481999	0.6823946709011293	0.3176053290988707	0.6854019374415389	0.3145980625584612	0.6363636363636364	0.3636363636363636	0.6790522448911679	0.3209477551088324	0.6072386058981233	0.3927613941018766	0.6459080027340179	0.354091997265982	0.7317	0.6543	0.7076	0.6832	0.6928	0.6379	0.6605	0.614	0.7169	0.6485	0.7472	0.6547	0.7926	0.6395	0.7384	0.6621	0.7015	0.634	0.7417	0.6827	0.6201230341876095	0.37987696581239044	0	0
83	SIN_148.jpg	FUCK THE POLICE IT SEEMS gonna happen the other way around motivateusnot.com	0	0	0	0	0	0	0	0	0	0	0	0	0	0	0	0	0	0	0	0	0.9320277116436912	0.7168	0.673	0.0679722883563086	0.6190476190476191	0.6843	0.3809523809523809	0.6227	0.9848651743080102	0.6863	0.0151348256919866	0.6435	0.6987740805604203	0.6302	0.3012259194395796	0.6373	0.9962980026524132	0.713	0.0037019973475869	0.6182	0.6851624984405033	0.3148375015594968	0.5714285714285714	0.4285714285714285	0.8712170530831836	0.1287829469168281	0.6616618324518	0.3383381675481999	0.665849458312748	0.334150541687252	0.1783256879168333	0.8216743120831665	0.4090909090909091	0.5909090909090909	0.1994109684034643	0.800589031596535	0.5530973451327433	0.4469026548672566	0.1565239345471322	0.8434760654528678	0.7317	0.6543	0.7076	0.6832	0.6928	0.6379	0.6605	0.614	0.7169	0.6485	0.7472	0.6547	0.7926	0.6395	0.7384	0.6621	0.7015	0.634	0.7417	0.6827	0.6194274846410445	0.3805725153589556	0	0
84	SIN_104.jpg	when junior developer tries to realx their eyes after several hours of coding !! My senior developer Me	0	0	0	0	0	0	0	0	0	0	0	0	0	1	0	0	0	0	0	0	0.9475138642922312	0.7168	0.673	0.0524861357077686	0.9047619047619048	0.6843	0.0952380952380952	0.6227	0.9999999957034332	0.6863	4.296528435053877e-09	0.6435	0.8626198083067093	0.6302	0.1373801916932907	0.6373	0.996397117323684	0.713	0.0036028826763161	0.6182	0.6576630059520179	0.3423369940479821	0.5714285714285714	0.4285714285714285	0.9506086854529952	0.0493913145470106	0.6616618324518	0.3383381675481999	0.6387396998855652	0.3612603001144348	0.5343215505425283	0.4656784494574715	0.6363636363636364	0.3636363636363636	0.5199649510094183	0.4800350489905792	0.5251798561151079	0.4748201438848921	0.5413737811420846	0.4586262188579154	0.7317	0.6543	0.7076	0.6832	0.6928	0.6379	0.6605	0.614	0.7169	0.6485	0.7472	0.6547	0.7926	0.6395	0.7384	0.6621	0.7015	0.634	0.7417	0.6827	0.7362062845681068	0.2637937154318933	0	0
85	SIN_50.jpg	Just in case nobody told you this today… you're a whore and no one really likes you.	0	0	1	0	0	0	0	0	0	0	0	0	0	0	0	0	0	0	0	0	0.1429167086002307	0.7168	0.673	0.8570832913997692	0.0952380952380952	0.6843	0.9047619047619048	0.6227	0.019446219599556	0.6863	0.9805537804004976	0.6435	0.5714992577931717	0.6302	0.4285007422068283	0.6373	0.0376675437477964	0.713	0.9623324562522036	0.6182	0.6594973142274788	0.3405026857725212	0.8571428571428571	0.1428571428571428	0.708632079324297	0.2913679206756872	0.6616618324518	0.3383381675481999	0.7958501536136953	0.2041498463863047	0.8120170031730014	0.1879829968269985	0.8181818181818182	0.1818181818181818	0.9473382968798632	0.0526617031201374	0.6072386058981233	0.3927613941018766	0.8730873574878292	0.1269126425121708	0.7317	0.6543	0.7076	0.6832	0.6928	0.6379	0.6605	0.614	0.7169	0.6485	0.7472	0.6547	0.7926	0.6395	0.7384	0.6621	0.7015	0.634	0.7417	0.6827	0.5690384838203403	0.4309615161796597	0	1
86	SIN_144.jpg	SHARE THIS IF YOU'RE A WEAK FRAIL, DEPENDENT WHITE WOMAN WHO NEEDS A MAN quickmeme.com	0	0	0	0	0	0	0	0	0	0	0	0	0	0	0	0	0	0	1	0	0.1606173503229247	0.7168	0.673	0.8393826496770751	0.1428571428571428	0.6843	0.8571428571428571	0.6227	8.024709886906042e-08	0.6863	0.9999999197528984	0.6435	0.2094448449891852	0.6302	0.7905551550108147	0.6373	0.0731732683559179	0.713	0.926826731644082	0.6182	0.1677643361910367	0.8322356638089632	0.2857142857142857	0.7142857142857143	0.0005566228655695	0.9994433771344438	0.1748063320983496	0.8251936679016504	0.1363413679397587	0.8636586320602413	0.1536416286694041	0.8463583713305958	0.0909090909090909	0.9090909090909092	0.2024516712423097	0.7975483287576925	0.1343669250645995	0.8656330749354005	0.111152968614347	0.8888470313856529	0.7317	0.6543	0.7076	0.6832	0.6928	0.6379	0.6605	0.614	0.7169	0.6485	0.7472	0.6547	0.7926	0.6395	0.7384	0.6621	0.7015	0.634	0.7417	0.6827	0.13556043014642077	0.8644395698535792	1	1
87	SIN_58.jpg	MCDONALD'S OPENS UP A NEW WAXING CENTER MCEYEBROWS ARE DONE, I'M LOVIN IT!	0	0	0	0	0	0	0	0	0	0	0	0	0	0	0	0	0	0	0	0	0.1678380593225538	0.7168	0.673	0.8321619406774463	0.7142857142857143	0.6843	0.2857142857142857	0.6227	0.7018699884845686	0.6863	0.2981300115153963	0.6435	0.5714992577931717	0.6302	0.4285007422068283	0.6373	0.2233645325100549	0.713	0.776635467489945	0.6182	0.2148551006713205	0.7851448993286795	0.2857142857142857	0.7142857142857143	0.0622915218841084	0.9377084781159476	0.1748063320983496	0.8251936679016504	0.2149150998108547	0.7850849001891452	0.0987843773230968	0.9012156226769032	0.1818181818181818	0.8181818181818182	0.1819972558416003	0.8180027441584025	0.2547307132459971	0.745269286754003	0.0881826955502765	0.9118173044497234	0.7317	0.6543	0.7076	0.6832	0.6928	0.6379	0.6605	0.614	0.7169	0.6485	0.7472	0.6547	0.7926	0.6395	0.7384	0.6621	0.7015	0.634	0.7417	0.6827	0.2796613125952735	0.7203386874047265	1	1
88	SIN_19.jpg	WHEN YOU ARE THE ONLY GUY SURROUNDED BY CHICKS imgflip.com	0	0	0	0	0	0	0	0	0	0	0	0	0	0	0	0	0	0	0	0	0.1195170313829933	0.7168	0.673	0.8804829686170066	0.2857142857142857	0.6843	0.7142857142857143	0.6227	0.0001773162280763	0.6863	0.9998226837719272	0.6435	0.2094448449891852	0.6302	0.7905551550108147	0.6373	0.1239679721138604	0.713	0.8760320278861395	0.6182	0.653535431817226	0.3464645681827739	0.7142857142857143	0.2857142857142857	0.929548755909502	0.0704512440905191	0.6616618324518	0.3383381675481999	0.6040786028170232	0.3959213971829768	0.9119671960597248	0.0880328039402752	0.6363636363636364	0.3636363636363636	0.9785227201874502	0.0214772798125473	0.5251798561151079	0.4748201438848921	0.7971004754683784	0.2028995245316216	0.7317	0.6543	0.7076	0.6832	0.6928	0.6379	0.6605	0.614	0.7169	0.6485	0.7472	0.6547	0.7926	0.6395	0.7384	0.6621	0.7015	0.634	0.7417	0.6827	0.5412169120688651	0.45878308793113487	0	0
89	SIN_41.jpg	AMBULANCE? YOU MEAN BITCH TAXI? memegenerator.net	0	0	0	0	0	0	0	0	0	0	0	0	0	0	0	0	0	0	0	0	0.6570436387676653	0.7168	0.673	0.3429563612323347	0.8571428571428571	0.6843	0.1428571428571428	0.6227	0.2425254144056389	0.6863	0.7574745855944112	0.6435	0.8626198083067093	0.6302	0.1373801916932907	0.6373	0.8351191094311946	0.713	0.1648808905688054	0.6182	0.653637550292928	0.346362449707072	0.5714285714285714	0.4285714285714285	0.7241203223234047	0.2758796776765571	0.6616618324518	0.3383381675481999	0.5331346015082249	0.4668653984917751	0.4494920242814396	0.5505079757185605	0.5909090909090909	0.4090909090909091	0.3854768750151734	0.6145231249848244	0.5530973451327433	0.4469026548672566	0.4320965658527254	0.5679034341472746	0.7317	0.6543	0.7076	0.6832	0.6928	0.6379	0.6605	0.614	0.7169	0.6485	0.7472	0.6547	0.7926	0.6395	0.7384	0.6621	0.7015	0.634	0.7417	0.6827	0.6041640080771467	0.39583599192285335	0	1
90	SIN_8.jpg	it's called a Ambulance Bo Bo Bus igflip.com	0	0	0	0	0	0	0	0	0	0	0	0	1	0	0	0	0	0	0	0	0.4487186311204109	0.7168	0.673	0.5512813688795891	0.9523809523809524	0.6843	0.0476190476190476	0.6227	0.999372794783356	0.6863	0.0006272052166602	0.6435	0.6987740805604203	0.6302	0.3012259194395796	0.6373	0.7348446881559122	0.713	0.2651553118440878	0.6182	0.3263878629968655	0.6736121370031345	0.5714285714285714	0.4285714285714285	0.0299289821399525	0.9700710178600512	0.6666666666666666	0.3333333333333333	0.5663685910247698	0.4336314089752302	0.7485151273978349	0.2514848726021651	0.6363636363636364	0.3636363636363636	0.7843804667908071	0.2156195332091889	0.7666666666666667	0.2333333333333333	0.7133509384463856	0.2866490615536144	0.7317	0.6543	0.7076	0.6832	0.6928	0.6379	0.6605	0.614	0.7169	0.6485	0.7472	0.6547	0.7926	0.6395	0.7384	0.6621	0.7015	0.634	0.7417	0.6827	0.6453709463272914	0.3546290536727086	0	0
91	SIN_77.jpg	WHORE WHORES EVERYWHERE makeameme.org	0	0	1	0	0	0	0	0	0	0	0	0	0	0	0	0	0	0	0	0	0.0959770129254144	0.7168	0.673	0.9040229870745856	0.0476190476190476	0.6843	0.9523809523809524	0.6227	2.4885746872432786e-08	0.6863	0.9999999751142926	0.6435	0.2094448449891852	0.6302	0.7905551550108147	0.6373	0.0077296646435115	0.713	0.9922703353564885	0.6182	0.6805672613002687	0.3194327386997312	0.8571428571428571	0.1428571428571428	0.9151070539945576	0.084892946005412	0.6616618324518	0.3383381675481999	0.6755748977065055	0.3244251022934944	0.7721802507185467	0.2278197492814532	0.5909090909090909	0.4090909090909091	0.6378431931566514	0.3621568068433479	0.715194109772423	0.2848058902275769	0.7387604267992904	0.2612395732007095	0.7317	0.6543	0.7076	0.6832	0.6928	0.6379	0.6605	0.614	0.7169	0.6485	0.7472	0.6547	0.7926	0.6395	0.7384	0.6621	0.7015	0.634	0.7417	0.6827	0.5017341680930991	0.498265831906901	1	0
92	SIN_62.jpg	Me seeing bad whore magic memes getting lots of upvotes Whore Magic	0	0	1	0	0	0	0	0	0	0	0	0	0	0	0	0	0	0	0	0	0.2484334491881618	0.7168	0.673	0.7515665508118381	0.3333333333333333	0.6843	0.6666666666666666	0.6227	0.325728304636369	0.6863	0.6742716953635995	0.6435	0.4025157232704403	0.6302	0.5974842767295597	0.6373	0.0878120552629558	0.713	0.912187944737044	0.6182	0.6614808023316199	0.3385191976683801	0.4285714285714285	0.5714285714285714	0.972240916865553	0.0277590831344772	0.6616618324518	0.3383381675481999	0.6451229442376901	0.3548770557623099	0.8082884000379937	0.1917115999620061	0.7272727272727273	0.2727272727272727	0.8604915526624562	0.1395084473375443	0.715194109772423	0.2848058902275769	0.8489017976356028	0.1510982023643972	0.7317	0.6543	0.7076	0.6832	0.6928	0.6379	0.6605	0.614	0.7169	0.6485	0.7472	0.6547	0.7926	0.6395	0.7384	0.6621	0.7015	0.634	0.7417	0.6827	0.5790067734301306	0.42099322656986937	0	0
